-- --------------------------------------------------------
-- Host:                         127.0.0.1
-- Server version:               5.7.24 - MySQL Community Server (GPL)
-- Server OS:                    Win64
-- HeidiSQL Version:             11.3.0.6295
-- --------------------------------------------------------

/*!40101 SET @OLD_CHARACTER_SET_CLIENT=@@CHARACTER_SET_CLIENT */;
/*!40101 SET NAMES utf8 */;
/*!50503 SET NAMES utf8mb4 */;
/*!40014 SET @OLD_FOREIGN_KEY_CHECKS=@@FOREIGN_KEY_CHECKS, FOREIGN_KEY_CHECKS=0 */;
/*!40101 SET @OLD_SQL_MODE=@@SQL_MODE, SQL_MODE='NO_AUTO_VALUE_ON_ZERO' */;
/*!40111 SET @OLD_SQL_NOTES=@@SQL_NOTES, SQL_NOTES=0 */;

-- Dumping structure for table langsis.agama
CREATE TABLE IF NOT EXISTS `agama` (
  `agama_id` int(11) unsigned NOT NULL AUTO_INCREMENT,
  `agama_nama` varchar(50) NOT NULL,
  `created_at` datetime NOT NULL,
  `updated_at` datetime NOT NULL,
  PRIMARY KEY (`agama_id`),
  UNIQUE KEY `agama_nama` (`agama_nama`)
) ENGINE=InnoDB AUTO_INCREMENT=6 DEFAULT CHARSET=utf8;

-- Dumping data for table langsis.agama: ~4 rows (approximately)
DELETE FROM `agama`;
/*!40000 ALTER TABLE `agama` DISABLE KEYS */;
INSERT INTO `agama` (`agama_id`, `agama_nama`, `created_at`, `updated_at`) VALUES
	(1, 'Islam', '2021-10-11 03:32:17', '2021-10-11 03:32:18'),
	(2, 'Katolik', '2021-10-11 03:32:27', '2021-10-11 03:32:30'),
	(3, 'Kristen Protestan', '2021-10-11 03:32:42', '2021-10-11 03:32:43'),
	(4, 'Hindu', '2021-10-11 03:32:52', '2021-10-11 03:32:53'),
	(5, 'Budha', '2021-10-11 03:32:59', '2021-10-11 03:33:00');
/*!40000 ALTER TABLE `agama` ENABLE KEYS */;

-- Dumping structure for table langsis.jenis_pelanggaran
CREATE TABLE IF NOT EXISTS `jenis_pelanggaran` (
  `jp_id` int(11) unsigned NOT NULL AUTO_INCREMENT,
  `kriteria_id` int(11) unsigned NOT NULL DEFAULT '0',
  `jp_nama` varchar(50) NOT NULL,
  `jp_skor` int(11) NOT NULL,
  `created_at` datetime NOT NULL,
  `updated_at` datetime NOT NULL,
  PRIMARY KEY (`jp_id`) USING BTREE,
  UNIQUE KEY `kategori_nama` (`jp_nama`) USING BTREE,
  KEY `kriteria_id` (`kriteria_id`),
  CONSTRAINT `FK_jenis_pelanggaran_kriteria` FOREIGN KEY (`kriteria_id`) REFERENCES `kriteria` (`kriteria_id`) ON DELETE NO ACTION ON UPDATE NO ACTION
) ENGINE=InnoDB AUTO_INCREMENT=18 DEFAULT CHARSET=utf8;

-- Dumping data for table langsis.jenis_pelanggaran: ~6 rows (approximately)
DELETE FROM `jenis_pelanggaran`;
/*!40000 ALTER TABLE `jenis_pelanggaran` DISABLE KEYS */;
INSERT INTO `jenis_pelanggaran` (`jp_id`, `kriteria_id`, `jp_nama`, `jp_skor`, `created_at`, `updated_at`) VALUES
	(1, 2, 'Baju kotor dan banyak coretan', 10, '2021-10-27 16:05:12', '0000-00-00 00:00:00'),
	(2, 4, 'Bermain kartu di kelas', 30, '2021-10-27 18:46:55', '0000-00-00 00:00:00'),
	(3, 3, 'Berbohong pada guru', 30, '2021-10-27 18:47:10', '0000-00-00 00:00:00'),
	(4, 3, 'Membela teman yang melaggar', 30, '2021-10-27 18:47:28', '0000-00-00 00:00:00'),
	(5, 1, 'Melawan guru', 20, '2021-10-27 18:53:45', '0000-00-00 00:00:00'),
	(6, 1, 'Melakukan hal yang bersifat provokatif', 20, '2021-10-27 18:54:12', '0000-00-00 00:00:00'),
	(17, 1, 'Mencuri barang milik orang lain', 50, '2021-10-27 19:17:06', '0000-00-00 00:00:00');
/*!40000 ALTER TABLE `jenis_pelanggaran` ENABLE KEYS */;

-- Dumping structure for table langsis.jurusan
CREATE TABLE IF NOT EXISTS `jurusan` (
  `jurusan_id` int(11) unsigned NOT NULL AUTO_INCREMENT,
  `jurusan_kode` varchar(20) NOT NULL,
  `jurusan_nama` varchar(100) NOT NULL,
  `created_at` datetime NOT NULL,
  `updated_at` datetime NOT NULL,
  PRIMARY KEY (`jurusan_id`),
  UNIQUE KEY `jurusan_kode` (`jurusan_kode`)
) ENGINE=InnoDB AUTO_INCREMENT=34 DEFAULT CHARSET=utf8;

-- Dumping data for table langsis.jurusan: ~5 rows (approximately)
DELETE FROM `jurusan`;
/*!40000 ALTER TABLE `jurusan` DISABLE KEYS */;
INSERT INTO `jurusan` (`jurusan_id`, `jurusan_kode`, `jurusan_nama`, `created_at`, `updated_at`) VALUES
	(6, 'AKL', 'Akuntansi Keuangan Lembaga', '2021-09-19 15:55:25', '0000-00-00 00:00:00'),
	(8, 'DPIB', 'Desain Pemodelan Industri dan Bisnis', '2021-09-19 17:30:20', '0000-00-00 00:00:00'),
	(11, 'TBSM', 'Teknik Bisnis Sepeda Motor', '2021-09-22 09:50:10', '0000-00-00 00:00:00'),
	(21, 'OTKP', 'Otomatisasi Tata Kelola Perkantoran', '2021-09-22 10:50:01', '0000-00-00 00:00:00'),
	(26, 'TKJ', 'Teknik Komputer dan Jaringan', '2021-09-23 12:00:32', '0000-00-00 00:00:00'),
	(33, 'TKRO', 'Teknik Kendaraan Ringan Otomotif', '2021-09-30 00:25:24', '0000-00-00 00:00:00');
/*!40000 ALTER TABLE `jurusan` ENABLE KEYS */;

-- Dumping structure for table langsis.kelas
CREATE TABLE IF NOT EXISTS `kelas` (
  `kelas_id` int(11) unsigned NOT NULL AUTO_INCREMENT,
  `jurusan_id` int(11) unsigned NOT NULL DEFAULT '0',
  `kelas_kode` varchar(15) NOT NULL,
  `kelas_nama` varchar(15) NOT NULL,
  `created_at` datetime NOT NULL,
  `updated_at` datetime NOT NULL,
  PRIMARY KEY (`kelas_id`),
  UNIQUE KEY `kelas_nama` (`kelas_nama`),
  KEY `jurusan_id` (`jurusan_id`),
  CONSTRAINT `FK_kelas_jurusan` FOREIGN KEY (`jurusan_id`) REFERENCES `jurusan` (`jurusan_id`) ON DELETE NO ACTION ON UPDATE NO ACTION
) ENGINE=InnoDB AUTO_INCREMENT=6 DEFAULT CHARSET=utf8;

-- Dumping data for table langsis.kelas: ~4 rows (approximately)
DELETE FROM `kelas`;
/*!40000 ALTER TABLE `kelas` DISABLE KEYS */;
INSERT INTO `kelas` (`kelas_id`, `jurusan_id`, `kelas_kode`, `kelas_nama`, `created_at`, `updated_at`) VALUES
	(2, 21, 'OTKP', 'X OTKP 1', '2021-10-07 04:25:44', '0000-00-00 00:00:00'),
	(3, 26, 'TKJ', 'X TKJ 1', '2021-10-07 04:29:08', '0000-00-00 00:00:00'),
	(4, 6, 'AKL', 'X AKL 1', '2021-10-11 14:49:16', '0000-00-00 00:00:00'),
	(5, 6, 'AKL', 'XI AKL 1', '2021-10-11 14:49:23', '0000-00-00 00:00:00');
/*!40000 ALTER TABLE `kelas` ENABLE KEYS */;

-- Dumping structure for table langsis.kriteria
CREATE TABLE IF NOT EXISTS `kriteria` (
  `kriteria_id` int(11) unsigned NOT NULL AUTO_INCREMENT,
  `kriteria_nama` varchar(50) NOT NULL,
  `bobot_kriteria` int(11) NOT NULL DEFAULT '0',
  `created_at` datetime NOT NULL,
  `updated_at` datetime NOT NULL,
  PRIMARY KEY (`kriteria_id`),
  UNIQUE KEY `kriteria_nama` (`kriteria_nama`)
) ENGINE=InnoDB AUTO_INCREMENT=5 DEFAULT CHARSET=latin1;

-- Dumping data for table langsis.kriteria: ~4 rows (approximately)
DELETE FROM `kriteria`;
/*!40000 ALTER TABLE `kriteria` DISABLE KEYS */;
INSERT INTO `kriteria` (`kriteria_id`, `kriteria_nama`, `bobot_kriteria`, `created_at`, `updated_at`) VALUES
	(1, 'Kepribadian', 30, '2021-10-27 15:27:30', '0000-00-00 00:00:00'),
	(2, 'Kerapihan', 20, '2021-10-27 15:34:47', '0000-00-00 00:00:00'),
	(3, 'Kejujuran', 30, '2021-10-27 15:52:45', '0000-00-00 00:00:00'),
	(4, 'Sikap', 20, '2021-10-27 18:46:16', '0000-00-00 00:00:00');
/*!40000 ALTER TABLE `kriteria` ENABLE KEYS */;

-- Dumping structure for table langsis.login_attemps
CREATE TABLE IF NOT EXISTS `login_attemps` (
  `id` int(11) unsigned NOT NULL AUTO_INCREMENT,
  `users_id` int(11) unsigned NOT NULL,
  `time_login` datetime NOT NULL,
  PRIMARY KEY (`id`),
  KEY `users_id` (`users_id`),
  CONSTRAINT `FK__users` FOREIGN KEY (`users_id`) REFERENCES `users` (`users_id`) ON DELETE NO ACTION ON UPDATE NO ACTION
) ENGINE=InnoDB AUTO_INCREMENT=91 DEFAULT CHARSET=latin1;

-- Dumping data for table langsis.login_attemps: ~40 rows (approximately)
DELETE FROM `login_attemps`;
/*!40000 ALTER TABLE `login_attemps` DISABLE KEYS */;
INSERT INTO `login_attemps` (`id`, `users_id`, `time_login`) VALUES
	(14, 2, '2021-10-23 15:45:48'),
	(15, 2, '2021-10-23 15:47:14'),
	(16, 2, '2021-10-23 15:47:58'),
	(17, 2, '2021-10-23 15:48:06'),
	(18, 2, '2021-10-23 15:48:44'),
	(19, 2, '2021-10-23 15:49:18'),
	(20, 2, '2021-10-23 15:49:26'),
	(21, 2, '2021-10-23 15:51:55'),
	(22, 2, '2021-10-23 15:52:54'),
	(23, 2, '2021-10-23 15:53:19'),
	(24, 2, '2021-10-23 15:54:54'),
	(25, 2, '2021-10-23 16:02:05'),
	(26, 2, '2021-10-23 16:05:41'),
	(27, 2, '2021-10-23 16:08:22'),
	(28, 2, '2021-10-23 16:08:53'),
	(29, 2, '2021-10-23 16:10:44'),
	(30, 2, '2021-10-23 16:11:57'),
	(31, 3, '2021-10-23 16:12:13'),
	(32, 3, '2021-10-23 16:12:20'),
	(33, 2, '2021-10-23 16:14:24'),
	(34, 3, '2021-10-23 16:16:07'),
	(35, 3, '2021-10-23 16:17:13'),
	(36, 3, '2021-10-23 16:21:19'),
	(37, 3, '2021-10-23 16:22:44'),
	(38, 2, '2021-10-23 16:40:54'),
	(39, 2, '2021-10-23 21:02:37'),
	(40, 3, '2021-10-23 21:16:13'),
	(41, 2, '2021-10-23 21:37:26'),
	(42, 3, '2021-10-23 21:37:58'),
	(43, 3, '2021-10-23 23:13:55'),
	(44, 3, '2021-10-23 23:55:51'),
	(45, 2, '2021-10-23 23:59:51'),
	(46, 3, '2021-10-24 00:01:04'),
	(47, 2, '2021-10-24 00:04:24'),
	(48, 2, '2021-10-24 16:16:09'),
	(49, 2, '2021-10-24 16:16:18'),
	(50, 3, '2021-10-24 16:16:24'),
	(51, 2, '2021-10-24 16:16:29'),
	(52, 3, '2021-10-24 16:16:40'),
	(53, 2, '2021-10-24 17:26:33'),
	(54, 2, '2021-10-24 17:26:43'),
	(55, 3, '2021-10-24 17:26:53'),
	(56, 3, '2021-10-25 00:43:25'),
	(57, 3, '2021-10-25 08:37:46'),
	(58, 2, '2021-10-25 09:16:46'),
	(59, 2, '2021-10-25 17:29:17'),
	(60, 3, '2021-10-25 17:29:28'),
	(61, 2, '2021-10-25 17:55:18'),
	(62, 3, '2021-10-25 17:55:25'),
	(63, 3, '2021-10-25 17:59:10'),
	(64, 3, '2021-10-25 21:57:14'),
	(65, 3, '2021-10-26 01:59:28'),
	(66, 3, '2021-10-26 08:34:30'),
	(67, 3, '2021-10-26 22:40:59'),
	(68, 3, '2021-10-27 10:08:47'),
	(69, 2, '2021-10-27 11:07:08'),
	(70, 3, '2021-10-27 11:25:41'),
	(71, 2, '2021-10-27 11:26:30'),
	(72, 2, '2021-10-27 15:22:47'),
	(73, 2, '2021-10-27 20:14:36'),
	(74, 3, '2021-10-27 20:14:44'),
	(75, 2, '2021-10-28 12:59:54'),
	(76, 3, '2021-10-28 13:00:08'),
	(77, 2, '2021-10-28 20:42:49'),
	(78, 2, '2021-10-28 21:00:31'),
	(79, 2, '2021-10-28 21:05:22'),
	(80, 3, '2021-10-28 21:05:37'),
	(81, 2, '2021-10-29 10:22:08'),
	(82, 2, '2021-10-29 12:47:38'),
	(83, 3, '2021-10-29 12:47:46'),
	(84, 2, '2021-10-29 12:57:04'),
	(85, 3, '2021-10-29 13:04:17'),
	(86, 3, '2021-10-30 08:16:15'),
	(87, 2, '2021-10-30 08:28:34'),
	(88, 3, '2021-10-30 08:29:13'),
	(89, 2, '2021-10-30 19:45:58'),
	(90, 2, '2021-10-30 20:48:21');
/*!40000 ALTER TABLE `login_attemps` ENABLE KEYS */;

-- Dumping structure for table langsis.migrations
CREATE TABLE IF NOT EXISTS `migrations` (
  `version` bigint(20) NOT NULL
) ENGINE=InnoDB DEFAULT CHARSET=utf8;

-- Dumping data for table langsis.migrations: ~0 rows (approximately)
DELETE FROM `migrations`;
/*!40000 ALTER TABLE `migrations` DISABLE KEYS */;
INSERT INTO `migrations` (`version`) VALUES
	(8);
/*!40000 ALTER TABLE `migrations` ENABLE KEYS */;

-- Dumping structure for table langsis.pelanggaran
CREATE TABLE IF NOT EXISTS `pelanggaran` (
  `pelanggaran_id` int(11) unsigned NOT NULL AUTO_INCREMENT,
  `jp_id` int(11) unsigned NOT NULL,
  `kriteria_id` int(11) unsigned NOT NULL,
  `siswa_id` int(11) unsigned NOT NULL,
  `users_id` int(11) unsigned NOT NULL,
  `deskripsi` text NOT NULL,
  `bobot` float NOT NULL DEFAULT '0',
  `poin` float NOT NULL DEFAULT '0',
  `request_hapus` tinyint(1) NOT NULL DEFAULT '0',
  `created_at` datetime NOT NULL,
  `updated_at` datetime NOT NULL,
  PRIMARY KEY (`pelanggaran_id`),
  KEY `jp_id` (`jp_id`),
  KEY `kriteria_id` (`kriteria_id`),
  KEY `siswa_id` (`siswa_id`),
  KEY `users_id` (`users_id`),
  CONSTRAINT `FK_pelanggaran_jenis_pelanggaran` FOREIGN KEY (`jp_id`) REFERENCES `jenis_pelanggaran` (`jp_id`) ON DELETE NO ACTION ON UPDATE NO ACTION,
  CONSTRAINT `FK_pelanggaran_kriteria` FOREIGN KEY (`kriteria_id`) REFERENCES `kriteria` (`kriteria_id`) ON DELETE NO ACTION ON UPDATE NO ACTION,
  CONSTRAINT `FK_pelanggaran_siswa` FOREIGN KEY (`siswa_id`) REFERENCES `siswa` (`siswa_id`) ON DELETE NO ACTION ON UPDATE NO ACTION,
  CONSTRAINT `FK_pelanggaran_users` FOREIGN KEY (`users_id`) REFERENCES `users` (`users_id`) ON DELETE NO ACTION ON UPDATE NO ACTION
) ENGINE=InnoDB AUTO_INCREMENT=35 DEFAULT CHARSET=utf8;

-- Dumping data for table langsis.pelanggaran: ~7 rows (approximately)
DELETE FROM `pelanggaran`;
/*!40000 ALTER TABLE `pelanggaran` DISABLE KEYS */;
INSERT INTO `pelanggaran` (`pelanggaran_id`, `jp_id`, `kriteria_id`, `siswa_id`, `users_id`, `deskripsi`, `bobot`, `poin`, `request_hapus`, `created_at`, `updated_at`) VALUES
	(27, 2, 4, 1, 3, '', 0.2, 6, 0, '2021-10-29 15:10:13', '0000-00-00 00:00:00'),
	(28, 5, 1, 1, 3, '', 0.3, 6, 0, '2021-10-29 15:10:20', '0000-00-00 00:00:00'),
	(30, 6, 1, 3, 3, '', 0.3, 6, 0, '2021-10-29 15:10:30', '0000-00-00 00:00:00'),
	(31, 3, 3, 3, 3, '', 0.3, 9, 0, '2021-10-29 15:10:35', '0000-00-00 00:00:00'),
	(32, 4, 3, 3, 3, '', 0.3, 9, 0, '2021-10-29 15:10:39', '0000-00-00 00:00:00'),
	(34, 1, 2, 1, 3, '', 0.2, 2, 0, '2021-10-29 15:34:54', '0000-00-00 00:00:00');
/*!40000 ALTER TABLE `pelanggaran` ENABLE KEYS */;

-- Dumping structure for table langsis.role
CREATE TABLE IF NOT EXISTS `role` (
  `role_id` int(11) unsigned NOT NULL AUTO_INCREMENT,
  `role_nama` varchar(50) NOT NULL,
  `created_at` datetime NOT NULL,
  `updated_at` datetime NOT NULL,
  PRIMARY KEY (`role_id`),
  UNIQUE KEY `role_nama` (`role_nama`)
) ENGINE=InnoDB AUTO_INCREMENT=100 DEFAULT CHARSET=utf8;

-- Dumping data for table langsis.role: ~2 rows (approximately)
DELETE FROM `role`;
/*!40000 ALTER TABLE `role` DISABLE KEYS */;
INSERT INTO `role` (`role_id`, `role_nama`, `created_at`, `updated_at`) VALUES
	(55, 'Guru', '2021-10-09 18:30:34', '2021-10-09 18:30:35'),
	(99, 'Administrator', '2021-10-09 18:30:09', '2021-10-09 18:30:22');
/*!40000 ALTER TABLE `role` ENABLE KEYS */;

-- Dumping structure for table langsis.session
CREATE TABLE IF NOT EXISTS `session` (
  `id` varchar(128) NOT NULL,
  `ip_address` varchar(45) NOT NULL,
  `timestamp` int(10) unsigned NOT NULL,
  `data` blob NOT NULL
) ENGINE=InnoDB DEFAULT CHARSET=latin1;

-- Dumping data for table langsis.session: ~201 rows (approximately)
DELETE FROM `session`;
/*!40000 ALTER TABLE `session` DISABLE KEYS */;
INSERT INTO `session` (`id`, `ip_address`, `timestamp`, `data`) VALUES
	('f8biek4582u16dnd9qtui68am1kpuprj', '::1', 1634972902, _binary 0x5f5f63695f6c6173745f726567656e65726174657c693a313633343937323839393b7569647c733a313a2232223b757365726e616d657c733a31383a22303037323334353237343637313238313732223b656d61696c7c4e3b6e616d617c733a33323a22426f6e6176656e747572612044696d6173205061736b61205072616468616e61223b6964757365727c733a313a2232223b726f6c657c733a323a223939223b7374617475737c733a313a2230223b69734c6f67676f6e7c623a313b697341646d696e7c623a313b6973477572757c623a303b),
	('b7liu3285iqar100vf4cjl97bgrhkilp', '::1', 1634974015, _binary 0x5f5f63695f6c6173745f726567656e65726174657c693a313633343937343031353b7569647c733a313a2233223b757365726e616d657c733a31383a22303037323334353237343637313238313738223b656d61696c7c4e3b6e616d617c733a32323a224d65696b656c2052756d696e67616e2c20532e50642e223b6964757365727c733a313a2233223b726f6c657c733a323a223535223b7374617475737c733a313a2230223b69734c6f67676f6e7c623a313b697341646d696e7c623a303b6973477572757c623a313b),
	('a319f8vrr87mjtbgieubk0pqaj7d5kuj', '::1', 1634974361, _binary 0x5f5f63695f6c6173745f726567656e65726174657c693a313633343937343336313b7569647c733a313a2233223b757365726e616d657c733a31383a22303037323334353237343637313238313738223b656d61696c7c4e3b6e616d617c733a32323a224d65696b656c2052756d696e67616e2c20532e50642e223b6964757365727c733a313a2233223b726f6c657c733a323a223535223b7374617475737c733a313a2230223b69734c6f67676f6e7c623a313b697341646d696e7c623a303b6973477572757c623a313b),
	('t8ol0d7vmnuiipa56jfvfmsujfau461l', '::1', 1634974668, _binary 0x5f5f63695f6c6173745f726567656e65726174657c693a313633343937343636383b7569647c733a313a2233223b757365726e616d657c733a31383a22303037323334353237343637313238313738223b656d61696c7c4e3b6e616d617c733a32323a224d65696b656c2052756d696e67616e2c20532e50642e223b6964757365727c733a313a2233223b726f6c657c733a323a223535223b7374617475737c733a313a2230223b69734c6f67676f6e7c623a313b697341646d696e7c623a303b6973477572757c623a313b),
	('rn727jl9s8b8bh2mh6uk4l12v5pu64bf', '::1', 1634976907, _binary 0x5f5f63695f6c6173745f726567656e65726174657c693a313633343937363930373b7569647c733a313a2232223b757365726e616d657c733a31383a22303037323334353237343637313238313732223b656d61696c7c4e3b6e616d617c733a33323a22426f6e6176656e747572612044696d6173205061736b61205072616468616e61223b6964757365727c733a313a2232223b726f6c657c733a323a223939223b7374617475737c733a313a2230223b69734c6f67676f6e7c623a313b697341646d696e7c623a313b6973477572757c623a303b),
	('i1dcl3fukvrqhrup0nfni7fe17nu9dhd', '::1', 1634976907, _binary 0x5f5f63695f6c6173745f726567656e65726174657c693a313633343937363930373b7569647c733a313a2232223b757365726e616d657c733a31383a22303037323334353237343637313238313732223b656d61696c7c4e3b6e616d617c733a33323a22426f6e6176656e747572612044696d6173205061736b61205072616468616e61223b6964757365727c733a313a2232223b726f6c657c733a323a223939223b7374617475737c733a313a2230223b69734c6f67676f6e7c623a313b697341646d696e7c623a313b6973477572757c623a303b),
	('qtearvmo36t446btpk79p0fl094942d3', '::1', 1634991272, _binary 0x5f5f63695f6c6173745f726567656e65726174657c693a313633343939313237323b7569647c733a313a2232223b757365726e616d657c733a31383a22303037323334353237343637313238313732223b656d61696c7c4e3b6e616d617c733a33323a22426f6e6176656e747572612044696d6173205061736b61205072616468616e61223b6964757365727c733a313a2232223b726f6c657c733a323a223939223b7374617475737c733a313a2230223b69734c6f67676f6e7c623a313b697341646d696e7c623a313b6973477572757c623a303b),
	('8a50vf1k8k32g37snphmb4adaqvkbrn8', '::1', 1634992160, _binary 0x5f5f63695f6c6173745f726567656e65726174657c693a313633343939323136303b7569647c733a313a2233223b757365726e616d657c733a31383a22303037323334353237343637313238313738223b656d61696c7c4e3b6e616d617c733a32323a224d65696b656c2052756d696e67616e2c20532e50642e223b6964757365727c733a313a2233223b726f6c657c733a323a223535223b7374617475737c733a313a2230223b69734c6f67676f6e7c623a313b697341646d696e7c623a303b6973477572757c623a313b),
	('6rm9n4kjnabc8pimuqei0ofa67ojhthp', '::1', 1634992613, _binary 0x5f5f63695f6c6173745f726567656e65726174657c693a313633343939323631333b7569647c733a313a2233223b757365726e616d657c733a31383a22303037323334353237343637313238313738223b656d61696c7c4e3b6e616d617c733a32323a224d65696b656c2052756d696e67616e2c20532e50642e223b6964757365727c733a313a2233223b726f6c657c733a323a223535223b7374617475737c733a313a2230223b69734c6f67676f6e7c623a313b697341646d696e7c623a303b6973477572757c623a313b),
	('aq05v8qegllku2v4b5ka4kcbnkknievh', '::1', 1634992739, _binary 0x5f5f63695f6c6173745f726567656e65726174657c693a313633343939323637343b7569647c733a313a2233223b757365726e616d657c733a31383a22303037323334353237343637313238313738223b656d61696c7c4e3b6e616d617c733a32323a224d65696b656c2052756d696e67616e2c20532e50642e223b6964757365727c733a313a2233223b726f6c657c733a323a223535223b7374617475737c733a313a2230223b69734c6f67676f6e7c623a313b697341646d696e7c623a303b6973477572757c623a313b),
	('9crtbl95g5a4400ucfcfotqbgqs4l4nm', '127.0.0.1', 1634999179, _binary 0x5f5f63695f6c6173745f726567656e65726174657c693a313633343939393137393b7569647c733a313a2233223b757365726e616d657c733a31383a22303037323334353237343637313238313738223b656d61696c7c4e3b6e616d617c733a32323a224d65696b656c2052756d696e67616e2c20532e50642e223b6964757365727c733a313a2233223b726f6c657c733a323a223535223b7374617475737c733a313a2230223b69734c6f67676f6e7c623a313b697341646d696e7c623a303b6973477572757c623a313b),
	('bc4mqptlgr03bc398a5gg9pdjhrntjt2', '127.0.0.1', 1634999650, _binary 0x5f5f63695f6c6173745f726567656e65726174657c693a313633343939393635303b7569647c733a313a2233223b757365726e616d657c733a31383a22303037323334353237343637313238313738223b656d61696c7c4e3b6e616d617c733a32323a224d65696b656c2052756d696e67616e2c20532e50642e223b6964757365727c733a313a2233223b726f6c657c733a323a223535223b7374617475737c733a313a2230223b69734c6f67676f6e7c623a313b697341646d696e7c623a303b6973477572757c623a313b),
	('hfc06rletika2e7215luvlqbpq4hsj3o', '127.0.0.1', 1635000577, _binary 0x5f5f63695f6c6173745f726567656e65726174657c693a313633353030303537373b7569647c733a313a2233223b757365726e616d657c733a31383a22303037323334353237343637313238313738223b656d61696c7c4e3b6e616d617c733a32323a224d65696b656c2052756d696e67616e2c20532e50642e223b6964757365727c733a313a2233223b726f6c657c733a323a223535223b7374617475737c733a313a2230223b69734c6f67676f6e7c623a313b697341646d696e7c623a303b6973477572757c623a313b),
	('ft6tudlqvnurcbim5ch67cgm0vd9jj05', '127.0.0.1', 1635000944, _binary 0x5f5f63695f6c6173745f726567656e65726174657c693a313633353030303934343b7569647c733a313a2233223b757365726e616d657c733a31383a22303037323334353237343637313238313738223b656d61696c7c4e3b6e616d617c733a32323a224d65696b656c2052756d696e67616e2c20532e50642e223b6964757365727c733a313a2233223b726f6c657c733a323a223535223b7374617475737c733a313a2230223b69734c6f67676f6e7c623a313b697341646d696e7c623a303b6973477572757c623a313b),
	('o24f5uqop0cittvneagid61o97l760mm', '127.0.0.1', 1635001582, _binary 0x5f5f63695f6c6173745f726567656e65726174657c693a313633353030313538323b7569647c733a313a2233223b757365726e616d657c733a31383a22303037323334353237343637313238313738223b656d61696c7c4e3b6e616d617c733a32323a224d65696b656c2052756d696e67616e2c20532e50642e223b6964757365727c733a313a2233223b726f6c657c733a323a223535223b726f6c656e616d657c733a343a2247757275223b7374617475737c733a313a2230223b69734c6f67676f6e7c623a313b697341646d696e7c623a303b6973477572757c623a313b),
	('h8hc9s81deu8e2o1qfrorrv13kaqv910', '127.0.0.1', 1635002562, _binary 0x5f5f63695f6c6173745f726567656e65726174657c693a313633353030323536323b7569647c733a313a2232223b757365726e616d657c733a31383a22303037323334353237343637313238313732223b656d61696c7c4e3b6e616d617c733a33323a22426f6e6176656e747572612044696d6173205061736b61205072616468616e61223b6964757365727c733a313a2232223b726f6c657c733a323a223939223b726f6c656e616d657c733a31333a2241646d696e6973747261746f72223b7374617475737c733a313a2230223b69734c6f67676f6e7c623a313b697341646d696e7c623a313b6973477572757c623a303b),
	('8jfheatq12vajnc4jm0f3pf48kemd6pm', '127.0.0.1', 1635001622, _binary 0x5f5f63695f6c6173745f726567656e65726174657c693a313633353030313538323b7569647c733a313a2233223b757365726e616d657c733a31383a22303037323334353237343637313238313738223b656d61696c7c4e3b6e616d617c733a32323a224d65696b656c2052756d696e67616e2c20532e50642e223b6964757365727c733a313a2233223b726f6c657c733a323a223535223b726f6c656e616d657c733a343a2247757275223b7374617475737c733a313a2230223b69734c6f67676f6e7c623a313b697341646d696e7c623a303b6973477572757c623a313b),
	('4d4j36kajvjojonambt1nhs3hudd4vfb', '127.0.0.1', 1635002735, _binary 0x5f5f63695f6c6173745f726567656e65726174657c693a313633353030323536323b7569647c733a313a2232223b757365726e616d657c733a31383a22303037323334353237343637313238313732223b656d61696c7c4e3b6e616d617c733a33323a22426f6e6176656e747572612044696d6173205061736b61205072616468616e61223b6964757365727c733a313a2232223b726f6c657c733a323a223939223b726f6c656e616d657c733a31333a2241646d696e6973747261746f72223b7374617475737c733a313a2230223b69734c6f67676f6e7c623a313b697341646d696e7c623a313b6973477572757c623a303b),
	('if78b2abu72i912shopaogrlsgkegfsk', '127.0.0.1', 1635059792, _binary 0x5f5f63695f6c6173745f726567656e65726174657c693a313633353035393737353b7569647c733a313a2232223b757365726e616d657c733a31383a22303037323334353237343637313238313732223b656d61696c7c4e3b6e616d617c733a33323a22426f6e6176656e747572612044696d6173205061736b61205072616468616e61223b6964757365727c733a313a2232223b726f6c657c733a323a223939223b726f6c656e616d657c733a31333a2241646d696e6973747261746f72223b7374617475737c733a313a2230223b69734c6f67676f6e7c623a313b697341646d696e7c623a313b6973477572757c623a303b),
	('4maba130nu6jh7rt1ltqtkvmcpfuq53v', '127.0.0.1', 1635060293, _binary 0x5f5f63695f6c6173745f726567656e65726174657c693a313633353036303239333b7569647c733a313a2233223b757365726e616d657c733a31383a22303037323334353237343637313238313738223b656d61696c7c4e3b6e616d617c733a32323a224d65696b656c2052756d696e67616e2c20532e50642e223b6964757365727c733a313a2233223b726f6c657c733a323a223535223b726f6c656e616d657c733a343a2247757275223b7374617475737c733a313a2230223b69734c6f67676f6e7c623a313b697341646d696e7c623a303b6973477572757c623a313b),
	('5ibghghbqjrqhbb26fg7b42ejee7l9dl', '127.0.0.1', 1635060603, _binary 0x5f5f63695f6c6173745f726567656e65726174657c693a313633353036303630333b7569647c733a313a2233223b757365726e616d657c733a31383a22303037323334353237343637313238313738223b656d61696c7c4e3b6e616d617c733a32323a224d65696b656c2052756d696e67616e2c20532e50642e223b6964757365727c733a313a2233223b726f6c657c733a323a223535223b726f6c656e616d657c733a343a2247757275223b7374617475737c733a313a2230223b69734c6f67676f6e7c623a313b697341646d696e7c623a303b6973477572757c623a313b),
	('cs1ht66qmi7t184ios349e970utme8fi', '127.0.0.1', 1635061099, _binary 0x5f5f63695f6c6173745f726567656e65726174657c693a313633353036313039393b7569647c733a313a2233223b757365726e616d657c733a31383a22303037323334353237343637313238313738223b656d61696c7c4e3b6e616d617c733a32323a224d65696b656c2052756d696e67616e2c20532e50642e223b6964757365727c733a313a2233223b726f6c657c733a323a223535223b726f6c656e616d657c733a343a2247757275223b7374617475737c733a313a2230223b69734c6f67676f6e7c623a313b697341646d696e7c623a303b6973477572757c623a313b),
	('1msc098otah4otbb6v612fehnu67bo5t', '127.0.0.1', 1635063703, _binary 0x5f5f63695f6c6173745f726567656e65726174657c693a313633353036333730333b7569647c733a313a2233223b757365726e616d657c733a31383a22303037323334353237343637313238313738223b656d61696c7c4e3b6e616d617c733a32323a224d65696b656c2052756d696e67616e2c20532e50642e223b6964757365727c733a313a2233223b726f6c657c733a323a223535223b726f6c656e616d657c733a343a2247757275223b7374617475737c733a313a2230223b69734c6f67676f6e7c623a313b697341646d696e7c623a303b6973477572757c623a313b),
	('qvivajko1nhj3i0ma36dlm21b0dcijc8', '127.0.0.1', 1635063985, _binary 0x5f5f63695f6c6173745f726567656e65726174657c693a313633353036333730333b7569647c733a313a2233223b757365726e616d657c733a31383a22303037323334353237343637313238313738223b656d61696c7c4e3b6e616d617c733a32323a224d65696b656c2052756d696e67616e2c20532e50642e223b6964757365727c733a313a2233223b726f6c657c733a323a223535223b726f6c656e616d657c733a343a2247757275223b7374617475737c733a313a2230223b69734c6f67676f6e7c623a313b697341646d696e7c623a303b6973477572757c623a313b),
	('4fuv68lrubuo8arfbqu7biel9k8g1jne', '127.0.0.1', 1635064355, _binary 0x5f5f63695f6c6173745f726567656e65726174657c693a313633353036343335353b7569647c733a313a2233223b757365726e616d657c733a31383a22303037323334353237343637313238313738223b656d61696c7c4e3b6e616d617c733a32323a224d65696b656c2052756d696e67616e2c20532e50642e223b6964757365727c733a313a2233223b726f6c657c733a323a223535223b726f6c656e616d657c733a343a2247757275223b7374617475737c733a313a2230223b69734c6f67676f6e7c623a313b697341646d696e7c623a303b6973477572757c623a313b),
	('1lj853kccppiq9sm62vofqdc69bvm4p5', '127.0.0.1', 1635065513, _binary 0x5f5f63695f6c6173745f726567656e65726174657c693a313633353036353531333b7569647c733a313a2233223b757365726e616d657c733a31383a22303037323334353237343637313238313738223b656d61696c7c4e3b6e616d617c733a32323a224d65696b656c2052756d696e67616e2c20532e50642e223b6964757365727c733a313a2233223b726f6c657c733a323a223535223b726f6c656e616d657c733a343a2247757275223b7374617475737c733a313a2230223b69734c6f67676f6e7c623a313b697341646d696e7c623a303b6973477572757c623a313b),
	('ca35uubvinlop0vle7p4hcfr81poaf0j', '127.0.0.1', 1635066378, _binary 0x5f5f63695f6c6173745f726567656e65726174657c693a313633353036363337383b7569647c733a313a2233223b757365726e616d657c733a31383a22303037323334353237343637313238313738223b656d61696c7c4e3b6e616d617c733a32323a224d65696b656c2052756d696e67616e2c20532e50642e223b6964757365727c733a313a2233223b726f6c657c733a323a223535223b726f6c656e616d657c733a343a2247757275223b7374617475737c733a313a2230223b69734c6f67676f6e7c623a313b697341646d696e7c623a303b6973477572757c623a313b),
	('2mk9hpqi8bdenj82ca2d1dv6oe5mj10l', '127.0.0.1', 1635067764, _binary 0x5f5f63695f6c6173745f726567656e65726174657c693a313633353036373736343b7569647c733a313a2233223b757365726e616d657c733a31383a22303037323334353237343637313238313738223b656d61696c7c4e3b6e616d617c733a32323a224d65696b656c2052756d696e67616e2c20532e50642e223b6964757365727c733a313a2233223b726f6c657c733a323a223535223b726f6c656e616d657c733a343a2247757275223b7374617475737c733a313a2230223b69734c6f67676f6e7c623a313b697341646d696e7c623a303b6973477572757c623a313b),
	('ireucgcjjpacdvr8n1khnc52iurv9g8f', '127.0.0.1', 1635068259, _binary 0x5f5f63695f6c6173745f726567656e65726174657c693a313633353036383235393b7569647c733a313a2233223b757365726e616d657c733a31383a22303037323334353237343637313238313738223b656d61696c7c4e3b6e616d617c733a32323a224d65696b656c2052756d696e67616e2c20532e50642e223b6964757365727c733a313a2233223b726f6c657c733a323a223535223b726f6c656e616d657c733a343a2247757275223b7374617475737c733a313a2230223b69734c6f67676f6e7c623a313b697341646d696e7c623a303b6973477572757c623a313b),
	('p742ihniikkq4n853bgm33cnu2tnkres', '127.0.0.1', 1635067950, _binary 0x5f5f63695f6c6173745f726567656e65726174657c693a313633353036373935303b),
	('8ukc9eb9d3s2nj3vf1u7ve0vj1n61fqv', '127.0.0.1', 1635068411, _binary 0x5f5f63695f6c6173745f726567656e65726174657c693a313633353036383235393b7569647c733a313a2233223b757365726e616d657c733a31383a22303037323334353237343637313238313738223b656d61696c7c4e3b6e616d617c733a32323a224d65696b656c2052756d696e67616e2c20532e50642e223b6964757365727c733a313a2233223b726f6c657c733a323a223535223b726f6c656e616d657c733a343a2247757275223b7374617475737c733a313a2230223b69734c6f67676f6e7c623a313b697341646d696e7c623a303b6973477572757c623a313b),
	('4gua96ao3ah5vtqtob88qn4u4pefhar3', '127.0.0.1', 1635094858, _binary 0x5f5f63695f6c6173745f726567656e65726174657c693a313633353039343835383b7569647c733a313a2233223b757365726e616d657c733a31383a22303037323334353237343637313238313738223b656d61696c7c4e3b6e616d617c733a32323a224d65696b656c2052756d696e67616e2c20532e50642e223b6964757365727c733a313a2233223b726f6c657c733a323a223535223b726f6c656e616d657c733a343a2247757275223b7374617475737c733a313a2230223b69734c6f67676f6e7c623a313b697341646d696e7c623a303b6973477572757c623a313b),
	('lmred1rnt3ptbrl7kr2d65enraid7oum', '127.0.0.1', 1635095585, _binary 0x5f5f63695f6c6173745f726567656e65726174657c693a313633353039353538353b7569647c733a313a2233223b757365726e616d657c733a31383a22303037323334353237343637313238313738223b656d61696c7c4e3b6e616d617c733a32323a224d65696b656c2052756d696e67616e2c20532e50642e223b6964757365727c733a313a2233223b726f6c657c733a323a223535223b726f6c656e616d657c733a343a2247757275223b7374617475737c733a313a2230223b69734c6f67676f6e7c623a313b697341646d696e7c623a303b6973477572757c623a313b),
	('5k0qkth2tde16hmbuv9b2fc70ns0frqq', '127.0.0.1', 1635095971, _binary 0x5f5f63695f6c6173745f726567656e65726174657c693a313633353039353937313b7569647c733a313a2233223b757365726e616d657c733a31383a22303037323334353237343637313238313738223b656d61696c7c4e3b6e616d617c733a32323a224d65696b656c2052756d696e67616e2c20532e50642e223b6964757365727c733a313a2233223b726f6c657c733a323a223535223b726f6c656e616d657c733a343a2247757275223b7374617475737c733a313a2230223b69734c6f67676f6e7c623a313b697341646d696e7c623a303b6973477572757c623a313b),
	('gg44hobuifja823atqho50ev6vii0850', '127.0.0.1', 1635095606, _binary 0x5f5f63695f6c6173745f726567656e65726174657c693a313633353039353630363b),
	('h3h12qaiq28oa25k3er7vu1g2j17vkuj', '127.0.0.1', 1635096153, _binary 0x5f5f63695f6c6173745f726567656e65726174657c693a313633353039353937313b7569647c733a313a2233223b757365726e616d657c733a31383a22303037323334353237343637313238313738223b656d61696c7c4e3b6e616d617c733a32323a224d65696b656c2052756d696e67616e2c20532e50642e223b6964757365727c733a313a2233223b726f6c657c733a323a223535223b726f6c656e616d657c733a343a2247757275223b7374617475737c733a313a2230223b69734c6f67676f6e7c623a313b697341646d696e7c623a303b6973477572757c623a313b),
	('bimevim0ubed7v2vnhj1k1b8ve5n96td', '127.0.0.1', 1635119189, _binary 0x5f5f63695f6c6173745f726567656e65726174657c693a313633353131393138393b7569647c733a313a2233223b757365726e616d657c733a31383a22303037323334353237343637313238313738223b656d61696c7c4e3b6e616d617c733a32323a224d65696b656c2052756d696e67616e2c20532e50642e223b6964757365727c733a313a2233223b726f6c657c733a323a223535223b726f6c656e616d657c733a343a2247757275223b7374617475737c733a313a2230223b69734c6f67676f6e7c623a313b697341646d696e7c623a303b6973477572757c623a313b),
	('9fccsr2k6pclustonavrb5ef6unqb2q0', '127.0.0.1', 1635118680, _binary 0x5f5f63695f6c6173745f726567656e65726174657c693a313633353131383638303b),
	('02hq1nh0tjhk19bbk4627g5199omnqdc', '127.0.0.1', 1635119497, _binary 0x5f5f63695f6c6173745f726567656e65726174657c693a313633353131393439373b7569647c733a313a2233223b757365726e616d657c733a31383a22303037323334353237343637313238313738223b656d61696c7c4e3b6e616d617c733a32323a224d65696b656c2052756d696e67616e2c20532e50642e223b6964757365727c733a313a2233223b726f6c657c733a323a223535223b726f6c656e616d657c733a343a2247757275223b7374617475737c733a313a2230223b69734c6f67676f6e7c623a313b697341646d696e7c623a303b6973477572757c623a313b),
	('o3phl6fm4aj9pd6dirb6o985lpp233s4', '127.0.0.1', 1635120723, _binary 0x5f5f63695f6c6173745f726567656e65726174657c693a313633353132303732333b7569647c733a313a2233223b757365726e616d657c733a31383a22303037323334353237343637313238313738223b656d61696c7c4e3b6e616d617c733a32323a224d65696b656c2052756d696e67616e2c20532e50642e223b6964757365727c733a313a2233223b726f6c657c733a323a223535223b726f6c656e616d657c733a343a2247757275223b7374617475737c733a313a2230223b69734c6f67676f6e7c623a313b697341646d696e7c623a303b6973477572757c623a313b),
	('7vp5dn0vt9d96ouvljm0jd0q552oo9i5', '127.0.0.1', 1635121052, _binary 0x5f5f63695f6c6173745f726567656e65726174657c693a313633353132313035323b7569647c733a313a2233223b757365726e616d657c733a31383a22303037323334353237343637313238313738223b656d61696c7c4e3b6e616d617c733a32323a224d65696b656c2052756d696e67616e2c20532e50642e223b6964757365727c733a313a2233223b726f6c657c733a323a223535223b726f6c656e616d657c733a343a2247757275223b7374617475737c733a313a2230223b69734c6f67676f6e7c623a313b697341646d696e7c623a303b6973477572757c623a313b),
	('leii4gd3fnilap6vqqgukkdto4d7np6b', '127.0.0.1', 1635121011, _binary 0x5f5f63695f6c6173745f726567656e65726174657c693a313633353132313030333b7569647c733a313a2232223b757365726e616d657c733a31383a22303037323334353237343637313238313732223b656d61696c7c4e3b6e616d617c733a33323a22426f6e6176656e747572612044696d6173205061736b61205072616468616e61223b6964757365727c733a313a2232223b726f6c657c733a323a223939223b726f6c656e616d657c733a31333a2241646d696e6973747261746f72223b7374617475737c733a313a2230223b69734c6f67676f6e7c623a313b697341646d696e7c623a313b6973477572757c623a303b),
	('m9rrq6l4fh5irpknobgn6ccakomf24lk', '127.0.0.1', 1635121704, _binary 0x5f5f63695f6c6173745f726567656e65726174657c693a313633353132313730343b7569647c733a313a2233223b757365726e616d657c733a31383a22303037323334353237343637313238313738223b656d61696c7c4e3b6e616d617c733a32323a224d65696b656c2052756d696e67616e2c20532e50642e223b6964757365727c733a313a2233223b726f6c657c733a323a223535223b726f6c656e616d657c733a343a2247757275223b7374617475737c733a313a2230223b69734c6f67676f6e7c623a313b697341646d696e7c623a303b6973477572757c623a313b),
	('9rkla7kto0pfthma6b03q1dkic81t4m5', '127.0.0.1', 1635124968, _binary 0x5f5f63695f6c6173745f726567656e65726174657c693a313633353132313730343b7569647c733a313a2233223b757365726e616d657c733a31383a22303037323334353237343637313238313738223b656d61696c7c4e3b6e616d617c733a32323a224d65696b656c2052756d696e67616e2c20532e50642e223b6964757365727c733a313a2233223b726f6c657c733a323a223535223b726f6c656e616d657c733a343a2247757275223b7374617475737c733a313a2230223b69734c6f67676f6e7c623a313b697341646d696e7c623a303b6973477572757c623a313b),
	('cg3js7kd0npt8l686d9305qmpsqm70qd', '127.0.0.1', 1635150908, _binary 0x5f5f63695f6c6173745f726567656e65726174657c693a313633353135303930383b7569647c733a313a2233223b757365726e616d657c733a31383a22303037323334353237343637313238313738223b656d61696c7c4e3b6e616d617c733a32323a224d65696b656c2052756d696e67616e2c20532e50642e223b6964757365727c733a313a2233223b726f6c657c733a323a223535223b726f6c656e616d657c733a343a2247757275223b7374617475737c733a313a2230223b69734c6f67676f6e7c623a313b697341646d696e7c623a303b6973477572757c623a313b),
	('ra8mmsgmr3ip1lu3e1esb4pdoa5k48b2', '127.0.0.1', 1635152045, _binary 0x5f5f63695f6c6173745f726567656e65726174657c693a313633353135323034353b7569647c733a313a2233223b757365726e616d657c733a31383a22303037323334353237343637313238313738223b656d61696c7c4e3b6e616d617c733a32323a224d65696b656c2052756d696e67616e2c20532e50642e223b6964757365727c733a313a2233223b726f6c657c733a323a223535223b726f6c656e616d657c733a343a2247757275223b7374617475737c733a313a2230223b69734c6f67676f6e7c623a313b697341646d696e7c623a303b6973477572757c623a313b),
	('kl90ao25dmau3g1m321necbs6ecv9m4m', '127.0.0.1', 1635152105, _binary 0x5f5f63695f6c6173745f726567656e65726174657c693a313633353135323034353b7569647c733a313a2233223b757365726e616d657c733a31383a22303037323334353237343637313238313738223b656d61696c7c4e3b6e616d617c733a32323a224d65696b656c2052756d696e67616e2c20532e50642e223b6964757365727c733a313a2233223b726f6c657c733a323a223535223b726f6c656e616d657c733a343a2247757275223b7374617475737c733a313a2230223b69734c6f67676f6e7c623a313b697341646d696e7c623a303b6973477572757c623a313b),
	('d66pikju1q0c6csoovff45rnh319lsv9', '127.0.0.1', 1635152312, _binary 0x5f5f63695f6c6173745f726567656e65726174657c693a313633353135323132323b7569647c733a313a2233223b757365726e616d657c733a31383a22303037323334353237343637313238313738223b656d61696c7c4e3b6e616d617c733a32323a224d65696b656c2052756d696e67616e2c20532e50642e223b6964757365727c733a313a2233223b726f6c657c733a323a223535223b726f6c656e616d657c733a343a2247757275223b7374617475737c733a313a2230223b69734c6f67676f6e7c623a313b697341646d696e7c623a303b6973477572757c623a313b),
	('82hcfe1lr3usutsm4v4k145juns69fko', '127.0.0.1', 1635153187, _binary 0x5f5f63695f6c6173745f726567656e65726174657c693a313633353135323334373b7569647c733a313a2233223b757365726e616d657c733a31383a22303037323334353237343637313238313738223b656d61696c7c4e3b6e616d617c733a32323a224d65696b656c2052756d696e67616e2c20532e50642e223b6964757365727c733a313a2233223b726f6c657c733a323a223535223b726f6c656e616d657c733a343a2247757275223b7374617475737c733a313a2230223b69734c6f67676f6e7c623a313b697341646d696e7c623a303b6973477572757c623a313b),
	('4iqhgig4djruek9utbmm0869bcvt54hh', '127.0.0.1', 1635166639, _binary 0x5f5f63695f6c6173745f726567656e65726174657c693a313633353136363632373b7569647c733a313a2233223b757365726e616d657c733a31383a22303037323334353237343637313238313738223b656d61696c7c4e3b6e616d617c733a32323a224d65696b656c2052756d696e67616e2c20532e50642e223b6964757365727c733a313a2233223b726f6c657c733a323a223535223b726f6c656e616d657c733a343a2247757275223b7374617475737c733a313a2230223b69734c6f67676f6e7c623a313b697341646d696e7c623a303b6973477572757c623a313b),
	('pd1afv76ltipfi8obcoj0l5aggaq2jvv', '127.0.0.1', 1635181171, _binary 0x5f5f63695f6c6173745f726567656e65726174657c693a313633353138313136343b7569647c733a313a2233223b757365726e616d657c733a31383a22303037323334353237343637313238313738223b656d61696c7c4e3b6e616d617c733a32323a224d65696b656c2052756d696e67616e2c20532e50642e223b6964757365727c733a313a2233223b726f6c657c733a323a223535223b726f6c656e616d657c733a343a2247757275223b7374617475737c733a313a2230223b69734c6f67676f6e7c623a313b697341646d696e7c623a303b6973477572757c623a313b),
	('e11d47vsq0ormpjutotpboodetb3tno2', '127.0.0.1', 1635204870, _binary 0x5f5f63695f6c6173745f726567656e65726174657c693a313633353230343837303b),
	('m9eug3j1fd9l9iiqqik1imakr1fm94ut', '127.0.0.1', 1635212123, _binary 0x5f5f63695f6c6173745f726567656e65726174657c693a313633353231323132333b7569647c733a313a2233223b757365726e616d657c733a31383a22303037323334353237343637313238313738223b656d61696c7c4e3b6e616d617c733a32323a224d65696b656c2052756d696e67616e2c20532e50642e223b6964757365727c733a313a2233223b726f6c657c733a323a223535223b726f6c656e616d657c733a343a2247757275223b7374617475737c733a313a2230223b69734c6f67676f6e7c623a313b697341646d696e7c623a303b6973477572757c623a313b),
	('s0i3dqqfh0h3f2330ppcsohoao27l1n1', '127.0.0.1', 1635213137, _binary 0x5f5f63695f6c6173745f726567656e65726174657c693a313633353231333133373b7569647c733a313a2233223b757365726e616d657c733a31383a22303037323334353237343637313238313738223b656d61696c7c4e3b6e616d617c733a32323a224d65696b656c2052756d696e67616e2c20532e50642e223b6964757365727c733a313a2233223b726f6c657c733a323a223535223b726f6c656e616d657c733a343a2247757275223b7374617475737c733a313a2230223b69734c6f67676f6e7c623a313b697341646d696e7c623a303b6973477572757c623a313b),
	('t8j9h1em6ir43p9bvdtvnmqp1etb7hmf', '127.0.0.1', 1635216126, _binary 0x5f5f63695f6c6173745f726567656e65726174657c693a313633353231363132363b7569647c733a313a2233223b757365726e616d657c733a31383a22303037323334353237343637313238313738223b656d61696c7c4e3b6e616d617c733a32323a224d65696b656c2052756d696e67616e2c20532e50642e223b6964757365727c733a313a2233223b726f6c657c733a323a223535223b726f6c656e616d657c733a343a2247757275223b7374617475737c733a313a2230223b69734c6f67676f6e7c623a313b697341646d696e7c623a303b6973477572757c623a313b),
	('prsrsocj5su4osp9t9q2lame3ond30mp', '127.0.0.1', 1635217046, _binary 0x5f5f63695f6c6173745f726567656e65726174657c693a313633353231373034363b7569647c733a313a2233223b757365726e616d657c733a31383a22303037323334353237343637313238313738223b656d61696c7c4e3b6e616d617c733a32323a224d65696b656c2052756d696e67616e2c20532e50642e223b6964757365727c733a313a2233223b726f6c657c733a323a223535223b726f6c656e616d657c733a343a2247757275223b7374617475737c733a313a2230223b69734c6f67676f6e7c623a313b697341646d696e7c623a303b6973477572757c623a313b),
	('40ecp860vqs8p93qrrp5khiivf8qrl06', '127.0.0.1', 1635216139, _binary 0x5f5f63695f6c6173745f726567656e65726174657c693a313633353231363133393b),
	('rq4fmqtp4f1q5aaift55eh0ejcgrfdpl', '127.0.0.1', 1635217646, _binary 0x5f5f63695f6c6173745f726567656e65726174657c693a313633353231373634363b7569647c733a313a2233223b757365726e616d657c733a31383a22303037323334353237343637313238313738223b656d61696c7c4e3b6e616d617c733a32323a224d65696b656c2052756d696e67616e2c20532e50642e223b6964757365727c733a313a2233223b726f6c657c733a323a223535223b726f6c656e616d657c733a343a2247757275223b7374617475737c733a313a2230223b69734c6f67676f6e7c623a313b697341646d696e7c623a303b6973477572757c623a313b),
	('c5ktc4m10df1f4orl6ul04pso1uuqsmn', '127.0.0.1', 1635217965, _binary 0x5f5f63695f6c6173745f726567656e65726174657c693a313633353231373936353b7569647c733a313a2233223b757365726e616d657c733a31383a22303037323334353237343637313238313738223b656d61696c7c4e3b6e616d617c733a32323a224d65696b656c2052756d696e67616e2c20532e50642e223b6964757365727c733a313a2233223b726f6c657c733a323a223535223b726f6c656e616d657c733a343a2247757275223b7374617475737c733a313a2230223b69734c6f67676f6e7c623a313b697341646d696e7c623a303b6973477572757c623a313b),
	('r2srnocohcbc47aujeretsokpl9fm0eg', '127.0.0.1', 1635218285, _binary 0x5f5f63695f6c6173745f726567656e65726174657c693a313633353231383238353b7569647c733a313a2233223b757365726e616d657c733a31383a22303037323334353237343637313238313738223b656d61696c7c4e3b6e616d617c733a32323a224d65696b656c2052756d696e67616e2c20532e50642e223b6964757365727c733a313a2233223b726f6c657c733a323a223535223b726f6c656e616d657c733a343a2247757275223b7374617475737c733a313a2230223b69734c6f67676f6e7c623a313b697341646d696e7c623a303b6973477572757c623a313b),
	('frssn58t0dqq4fj57l6fv570lc53su52', '127.0.0.1', 1635218684, _binary 0x5f5f63695f6c6173745f726567656e65726174657c693a313633353231383638343b7569647c733a313a2233223b757365726e616d657c733a31383a22303037323334353237343637313238313738223b656d61696c7c4e3b6e616d617c733a32323a224d65696b656c2052756d696e67616e2c20532e50642e223b6964757365727c733a313a2233223b726f6c657c733a323a223535223b726f6c656e616d657c733a343a2247757275223b7374617475737c733a313a2230223b69734c6f67676f6e7c623a313b697341646d696e7c623a303b6973477572757c623a313b),
	('b23svcgu8ceefsbdv14h2esmknvil86o', '127.0.0.1', 1635219041, _binary 0x5f5f63695f6c6173745f726567656e65726174657c693a313633353231393034313b7569647c733a313a2233223b757365726e616d657c733a31383a22303037323334353237343637313238313738223b656d61696c7c4e3b6e616d617c733a32323a224d65696b656c2052756d696e67616e2c20532e50642e223b6964757365727c733a313a2233223b726f6c657c733a323a223535223b726f6c656e616d657c733a343a2247757275223b7374617475737c733a313a2230223b69734c6f67676f6e7c623a313b697341646d696e7c623a303b6973477572757c623a313b),
	('6d4gg0c8a3qq6bpfo4knp4ee6hd4ln9r', '127.0.0.1', 1635219436, _binary 0x5f5f63695f6c6173745f726567656e65726174657c693a313633353231393433363b7569647c733a313a2233223b757365726e616d657c733a31383a22303037323334353237343637313238313738223b656d61696c7c4e3b6e616d617c733a32323a224d65696b656c2052756d696e67616e2c20532e50642e223b6964757365727c733a313a2233223b726f6c657c733a323a223535223b726f6c656e616d657c733a343a2247757275223b7374617475737c733a313a2230223b69734c6f67676f6e7c623a313b697341646d696e7c623a303b6973477572757c623a313b),
	('mdb9eifq0pure73bo1b43b1p6k3dfmr0', '127.0.0.1', 1635219742, _binary 0x5f5f63695f6c6173745f726567656e65726174657c693a313633353231393734323b7569647c733a313a2233223b757365726e616d657c733a31383a22303037323334353237343637313238313738223b656d61696c7c4e3b6e616d617c733a32323a224d65696b656c2052756d696e67616e2c20532e50642e223b6964757365727c733a313a2233223b726f6c657c733a323a223535223b726f6c656e616d657c733a343a2247757275223b7374617475737c733a313a2230223b69734c6f67676f6e7c623a313b697341646d696e7c623a303b6973477572757c623a313b),
	('lr0eok14p4n91ng0r7nkpmnrbsq4vdeu', '127.0.0.1', 1635220368, _binary 0x5f5f63695f6c6173745f726567656e65726174657c693a313633353232303336383b7569647c733a313a2233223b757365726e616d657c733a31383a22303037323334353237343637313238313738223b656d61696c7c4e3b6e616d617c733a32323a224d65696b656c2052756d696e67616e2c20532e50642e223b6964757365727c733a313a2233223b726f6c657c733a323a223535223b726f6c656e616d657c733a343a2247757275223b7374617475737c733a313a2230223b69734c6f67676f6e7c623a313b697341646d696e7c623a303b6973477572757c623a313b),
	('q34dqh54juav38lbetslb7l1u37nqrbh', '127.0.0.1', 1635220822, _binary 0x5f5f63695f6c6173745f726567656e65726174657c693a313633353232303832323b7569647c733a313a2233223b757365726e616d657c733a31383a22303037323334353237343637313238313738223b656d61696c7c4e3b6e616d617c733a32323a224d65696b656c2052756d696e67616e2c20532e50642e223b6964757365727c733a313a2233223b726f6c657c733a323a223535223b726f6c656e616d657c733a343a2247757275223b7374617475737c733a313a2230223b69734c6f67676f6e7c623a313b697341646d696e7c623a303b6973477572757c623a313b),
	('8v83c24hi8iviopcmugog117stqvud68', '127.0.0.1', 1635221183, _binary 0x5f5f63695f6c6173745f726567656e65726174657c693a313633353232313138333b7569647c733a313a2233223b757365726e616d657c733a31383a22303037323334353237343637313238313738223b656d61696c7c4e3b6e616d617c733a32323a224d65696b656c2052756d696e67616e2c20532e50642e223b6964757365727c733a313a2233223b726f6c657c733a323a223535223b726f6c656e616d657c733a343a2247757275223b7374617475737c733a313a2230223b69734c6f67676f6e7c623a313b697341646d696e7c623a303b6973477572757c623a313b),
	('fs0lgf6h91v5h1d4db2mbgljbs9qkq2r', '127.0.0.1', 1635221895, _binary 0x5f5f63695f6c6173745f726567656e65726174657c693a313633353232313839353b7569647c733a313a2233223b757365726e616d657c733a31383a22303037323334353237343637313238313738223b656d61696c7c4e3b6e616d617c733a32323a224d65696b656c2052756d696e67616e2c20532e50642e223b6964757365727c733a313a2233223b726f6c657c733a323a223535223b726f6c656e616d657c733a343a2247757275223b7374617475737c733a313a2230223b69734c6f67676f6e7c623a313b697341646d696e7c623a303b6973477572757c623a313b),
	('ifliav4844am03djma90rtmfm1gq2nul', '127.0.0.1', 1635221870, _binary 0x5f5f63695f6c6173745f726567656e65726174657c693a313633353232313837303b),
	('j3nqd2ouh18lo2q1mk29rc2ns5r40aru', '127.0.0.1', 1635222483, _binary 0x5f5f63695f6c6173745f726567656e65726174657c693a313633353232323438333b7569647c733a313a2233223b757365726e616d657c733a31383a22303037323334353237343637313238313738223b656d61696c7c4e3b6e616d617c733a32323a224d65696b656c2052756d696e67616e2c20532e50642e223b6964757365727c733a313a2233223b726f6c657c733a323a223535223b726f6c656e616d657c733a343a2247757275223b7374617475737c733a313a2230223b69734c6f67676f6e7c623a313b697341646d696e7c623a303b6973477572757c623a313b),
	('2g3tvjg4se862cdl9hgva48hdtv7kpbc', '127.0.0.1', 1635222801, _binary 0x5f5f63695f6c6173745f726567656e65726174657c693a313633353232323830313b7569647c733a313a2233223b757365726e616d657c733a31383a22303037323334353237343637313238313738223b656d61696c7c4e3b6e616d617c733a32323a224d65696b656c2052756d696e67616e2c20532e50642e223b6964757365727c733a313a2233223b726f6c657c733a323a223535223b726f6c656e616d657c733a343a2247757275223b7374617475737c733a313a2230223b69734c6f67676f6e7c623a313b697341646d696e7c623a303b6973477572757c623a313b),
	('plenrt2k8j7k22hcgvumvrjmparqa6a8', '127.0.0.1', 1635226548, _binary 0x5f5f63695f6c6173745f726567656e65726174657c693a313633353232323830313b7569647c733a313a2233223b757365726e616d657c733a31383a22303037323334353237343637313238313738223b656d61696c7c4e3b6e616d617c733a32323a224d65696b656c2052756d696e67616e2c20532e50642e223b6964757365727c733a313a2233223b726f6c657c733a323a223535223b726f6c656e616d657c733a343a2247757275223b7374617475737c733a313a2230223b69734c6f67676f6e7c623a313b697341646d696e7c623a303b6973477572757c623a313b),
	('tqo64mqqpgbobbr1d5apgom0sk1vv6f7', '127.0.0.1', 1635255763, _binary 0x5f5f63695f6c6173745f726567656e65726174657c693a313633353235353736333b7569647c733a313a2233223b757365726e616d657c733a31383a22303037323334353237343637313238313738223b656d61696c7c4e3b6e616d617c733a32323a224d65696b656c2052756d696e67616e2c20532e50642e223b6964757365727c733a313a2233223b726f6c657c733a323a223535223b726f6c656e616d657c733a343a2247757275223b7374617475737c733a313a2230223b69734c6f67676f6e7c623a313b697341646d696e7c623a303b6973477572757c623a313b),
	('6mohhqafna3gcok9nqqg9p4dgods4lai', '127.0.0.1', 1635256942, _binary 0x5f5f63695f6c6173745f726567656e65726174657c693a313633353235363934323b7569647c733a313a2233223b757365726e616d657c733a31383a22303037323334353237343637313238313738223b656d61696c7c4e3b6e616d617c733a32323a224d65696b656c2052756d696e67616e2c20532e50642e223b6964757365727c733a313a2233223b726f6c657c733a323a223535223b726f6c656e616d657c733a343a2247757275223b7374617475737c733a313a2230223b69734c6f67676f6e7c623a313b697341646d696e7c623a303b6973477572757c623a313b),
	('ppktmjelk9ujfkf8ljse3gds224m4mtk', '127.0.0.1', 1635256943, _binary 0x5f5f63695f6c6173745f726567656e65726174657c693a313633353235363934323b7569647c733a313a2233223b757365726e616d657c733a31383a22303037323334353237343637313238313738223b656d61696c7c4e3b6e616d617c733a32323a224d65696b656c2052756d696e67616e2c20532e50642e223b6964757365727c733a313a2233223b726f6c657c733a323a223535223b726f6c656e616d657c733a343a2247757275223b7374617475737c733a313a2230223b69734c6f67676f6e7c623a313b697341646d696e7c623a303b6973477572757c623a313b),
	('31644p30l8kjjcqo3k6a6hlrlspsrl4u', '127.0.0.1', 1635256966, _binary 0x5f5f63695f6c6173745f726567656e65726174657c693a313633353235363936363b),
	('2k4v9cf6v26ubqrp55lqud18vqejh18l', '127.0.0.1', 1635297270, _binary 0x5f5f63695f6c6173745f726567656e65726174657c693a313633353239373237303b7569647c733a313a2233223b757365726e616d657c733a31383a22303037323334353237343637313238313738223b656d61696c7c4e3b6e616d617c733a32323a224d65696b656c2052756d696e67616e2c20532e50642e223b6964757365727c733a313a2233223b726f6c657c733a323a223535223b726f6c656e616d657c733a343a2247757275223b7374617475737c733a313a2230223b69734c6f67676f6e7c623a313b697341646d696e7c623a303b6973477572757c623a313b),
	('c760upjkrrg3n5d5n2s505qkqov87nja', '127.0.0.1', 1635297574, _binary 0x5f5f63695f6c6173745f726567656e65726174657c693a313633353239373537343b7569647c733a313a2233223b757365726e616d657c733a31383a22303037323334353237343637313238313738223b656d61696c7c4e3b6e616d617c733a32323a224d65696b656c2052756d696e67616e2c20532e50642e223b6964757365727c733a313a2233223b726f6c657c733a323a223535223b726f6c656e616d657c733a343a2247757275223b7374617475737c733a313a2230223b69734c6f67676f6e7c623a313b697341646d696e7c623a303b6973477572757c623a313b),
	('pankbtapga90u9b4h9cunf6gujc3mgq0', '127.0.0.1', 1635297907, _binary 0x5f5f63695f6c6173745f726567656e65726174657c693a313633353239373930373b7569647c733a313a2233223b757365726e616d657c733a31383a22303037323334353237343637313238313738223b656d61696c7c4e3b6e616d617c733a32323a224d65696b656c2052756d696e67616e2c20532e50642e223b6964757365727c733a313a2233223b726f6c657c733a323a223535223b726f6c656e616d657c733a343a2247757275223b7374617475737c733a313a2230223b69734c6f67676f6e7c623a313b697341646d696e7c623a303b6973477572757c623a313b),
	('agg8hfpepl0r12vehjc1jigrmrmuf813', '127.0.0.1', 1635299031, _binary 0x5f5f63695f6c6173745f726567656e65726174657c693a313633353239393033313b7569647c733a313a2233223b757365726e616d657c733a31383a22303037323334353237343637313238313738223b656d61696c7c4e3b6e616d617c733a32323a224d65696b656c2052756d696e67616e2c20532e50642e223b6964757365727c733a313a2233223b726f6c657c733a323a223535223b726f6c656e616d657c733a343a2247757275223b7374617475737c733a313a2230223b69734c6f67676f6e7c623a313b697341646d696e7c623a303b6973477572757c623a313b),
	('tkjn15tu6in17gobbmad8otgeprp7m4l', '127.0.0.1', 1635300295, _binary 0x5f5f63695f6c6173745f726567656e65726174657c693a313633353330303239353b7569647c733a313a2233223b757365726e616d657c733a31383a22303037323334353237343637313238313738223b656d61696c7c4e3b6e616d617c733a32323a224d65696b656c2052756d696e67616e2c20532e50642e223b6964757365727c733a313a2233223b726f6c657c733a323a223535223b726f6c656e616d657c733a343a2247757275223b7374617475737c733a313a2230223b69734c6f67676f6e7c623a313b697341646d696e7c623a303b6973477572757c623a313b),
	('7f5vvv9o1kup41t0nkrc0gj7quvgo2u1', '127.0.0.1', 1635301029, _binary 0x5f5f63695f6c6173745f726567656e65726174657c693a313633353330313032393b7569647c733a313a2232223b757365726e616d657c733a31383a22303037323334353237343637313238313732223b656d61696c7c4e3b6e616d617c733a33323a22426f6e6176656e747572612044696d6173205061736b61205072616468616e61223b6964757365727c733a313a2232223b726f6c657c733a323a223939223b726f6c656e616d657c733a31333a2241646d696e6973747261746f72223b7374617475737c733a313a2230223b69734c6f67676f6e7c623a313b697341646d696e7c623a313b6973477572757c623a303b),
	('43r80fu4n04g30300jr9et67svt0enbn', '127.0.0.1', 1635301533, _binary 0x5f5f63695f6c6173745f726567656e65726174657c693a313633353330313533333b7569647c733a313a2232223b757365726e616d657c733a31383a22303037323334353237343637313238313732223b656d61696c7c4e3b6e616d617c733a33323a22426f6e6176656e747572612044696d6173205061736b61205072616468616e61223b6964757365727c733a313a2232223b726f6c657c733a323a223939223b726f6c656e616d657c733a31333a2241646d696e6973747261746f72223b7374617475737c733a313a2230223b69734c6f67676f6e7c623a313b697341646d696e7c623a313b6973477572757c623a303b),
	('2lg5075dcicgh1kiplka813m39p6nrd0', '127.0.0.1', 1635302504, _binary 0x5f5f63695f6c6173745f726567656e65726174657c693a313633353330323530343b7569647c733a313a2232223b757365726e616d657c733a31383a22303037323334353237343637313238313732223b656d61696c7c4e3b6e616d617c733a33323a22426f6e6176656e747572612044696d6173205061736b61205072616468616e61223b6964757365727c733a313a2232223b726f6c657c733a323a223939223b726f6c656e616d657c733a31333a2241646d696e6973747261746f72223b7374617475737c733a313a2230223b69734c6f67676f6e7c623a313b697341646d696e7c623a313b6973477572757c623a303b),
	('ks31d5372p02n3leqffr9n38fft6261f', '127.0.0.1', 1635302806, _binary 0x5f5f63695f6c6173745f726567656e65726174657c693a313633353330323830363b7569647c733a313a2232223b757365726e616d657c733a31383a22303037323334353237343637313238313732223b656d61696c7c4e3b6e616d617c733a33323a22426f6e6176656e747572612044696d6173205061736b61205072616468616e61223b6964757365727c733a313a2232223b726f6c657c733a323a223939223b726f6c656e616d657c733a31333a2241646d696e6973747261746f72223b7374617475737c733a313a2230223b69734c6f67676f6e7c623a313b697341646d696e7c623a313b6973477572757c623a303b),
	('nkdickij56gd7d1ai86ldu3kpn724gdl', '127.0.0.1', 1635304779, _binary 0x5f5f63695f6c6173745f726567656e65726174657c693a313633353330343737393b7569647c733a313a2232223b757365726e616d657c733a31383a22303037323334353237343637313238313732223b656d61696c7c4e3b6e616d617c733a33323a22426f6e6176656e747572612044696d6173205061736b61205072616468616e61223b6964757365727c733a313a2232223b726f6c657c733a323a223939223b726f6c656e616d657c733a31333a2241646d696e6973747261746f72223b7374617475737c733a313a2230223b69734c6f67676f6e7c623a313b697341646d696e7c623a313b6973477572757c623a303b),
	('gr24ph76gbg406dc5mp850jt29nsv0jf', '127.0.0.1', 1635306360, _binary 0x5f5f63695f6c6173745f726567656e65726174657c693a313633353330363336303b7569647c733a313a2232223b757365726e616d657c733a31383a22303037323334353237343637313238313732223b656d61696c7c4e3b6e616d617c733a33323a22426f6e6176656e747572612044696d6173205061736b61205072616468616e61223b6964757365727c733a313a2232223b726f6c657c733a323a223939223b726f6c656e616d657c733a31333a2241646d696e6973747261746f72223b7374617475737c733a313a2230223b69734c6f67676f6e7c623a313b697341646d696e7c623a313b6973477572757c623a303b),
	('kohgv6agjbfa8m9hhdmkeemq9g64r66f', '127.0.0.1', 1635306819, _binary 0x5f5f63695f6c6173745f726567656e65726174657c693a313633353330363831393b7569647c733a313a2232223b757365726e616d657c733a31383a22303037323334353237343637313238313732223b656d61696c7c4e3b6e616d617c733a33323a22426f6e6176656e747572612044696d6173205061736b61205072616468616e61223b6964757365727c733a313a2232223b726f6c657c733a323a223939223b726f6c656e616d657c733a31333a2241646d696e6973747261746f72223b7374617475737c733a313a2230223b69734c6f67676f6e7c623a313b697341646d696e7c623a313b6973477572757c623a303b),
	('d72h6egeub5pl7ak2uu59l176dgs4edq', '127.0.0.1', 1635306555, _binary 0x5f5f63695f6c6173745f726567656e65726174657c693a313633353330363535353b),
	('ufc1b732ltrldb6urc652lksmud4vi8q', '127.0.0.1', 1635307265, _binary 0x5f5f63695f6c6173745f726567656e65726174657c693a313633353330373236353b7569647c733a313a2232223b757365726e616d657c733a31383a22303037323334353237343637313238313732223b656d61696c7c4e3b6e616d617c733a33323a22426f6e6176656e747572612044696d6173205061736b61205072616468616e61223b6964757365727c733a313a2232223b726f6c657c733a323a223939223b726f6c656e616d657c733a31333a2241646d696e6973747261746f72223b7374617475737c733a313a2230223b69734c6f67676f6e7c623a313b697341646d696e7c623a313b6973477572757c623a303b),
	('qi75catbio9cuf9nn7bmv18b91j6pk38', '127.0.0.1', 1635307823, _binary 0x5f5f63695f6c6173745f726567656e65726174657c693a313633353330373832333b7569647c733a313a2232223b757365726e616d657c733a31383a22303037323334353237343637313238313732223b656d61696c7c4e3b6e616d617c733a33323a22426f6e6176656e747572612044696d6173205061736b61205072616468616e61223b6964757365727c733a313a2232223b726f6c657c733a323a223939223b726f6c656e616d657c733a31333a2241646d696e6973747261746f72223b7374617475737c733a313a2230223b69734c6f67676f6e7c623a313b697341646d696e7c623a313b6973477572757c623a303b),
	('s30etk4rfs9ibt8m0ij2jseb2gfbdnsv', '127.0.0.1', 1635312355, _binary 0x5f5f63695f6c6173745f726567656e65726174657c693a313633353331323335353b7569647c733a313a2232223b757365726e616d657c733a31383a22303037323334353237343637313238313732223b656d61696c7c4e3b6e616d617c733a33323a22426f6e6176656e747572612044696d6173205061736b61205072616468616e61223b6964757365727c733a313a2232223b726f6c657c733a323a223939223b726f6c656e616d657c733a31333a2241646d696e6973747261746f72223b7374617475737c733a313a2230223b69734c6f67676f6e7c623a313b697341646d696e7c623a313b6973477572757c623a303b),
	('mj93oec2nnl7f4be0g9p4lvspisle2uq', '127.0.0.1', 1635313163, _binary 0x5f5f63695f6c6173745f726567656e65726174657c693a313633353331333136333b7569647c733a313a2232223b757365726e616d657c733a31383a22303037323334353237343637313238313732223b656d61696c7c4e3b6e616d617c733a33323a22426f6e6176656e747572612044696d6173205061736b61205072616468616e61223b6964757365727c733a313a2232223b726f6c657c733a323a223939223b726f6c656e616d657c733a31333a2241646d696e6973747261746f72223b7374617475737c733a313a2230223b69734c6f67676f6e7c623a313b697341646d696e7c623a313b6973477572757c623a303b),
	('rpos65misu8pje4ovcifs0hor03hni4i', '127.0.0.1', 1635313777, _binary 0x5f5f63695f6c6173745f726567656e65726174657c693a313633353331333737373b7569647c733a313a2232223b757365726e616d657c733a31383a22303037323334353237343637313238313732223b656d61696c7c4e3b6e616d617c733a33323a22426f6e6176656e747572612044696d6173205061736b61205072616468616e61223b6964757365727c733a313a2232223b726f6c657c733a323a223939223b726f6c656e616d657c733a31333a2241646d696e6973747261746f72223b7374617475737c733a313a2230223b69734c6f67676f6e7c623a313b697341646d696e7c623a313b6973477572757c623a303b),
	('00pc3kqt6thpbf80esrhivtv3qi02a2t', '127.0.0.1', 1635314087, _binary 0x5f5f63695f6c6173745f726567656e65726174657c693a313633353331343038373b7569647c733a313a2232223b757365726e616d657c733a31383a22303037323334353237343637313238313732223b656d61696c7c4e3b6e616d617c733a33323a22426f6e6176656e747572612044696d6173205061736b61205072616468616e61223b6964757365727c733a313a2232223b726f6c657c733a323a223939223b726f6c656e616d657c733a31333a2241646d696e6973747261746f72223b7374617475737c733a313a2230223b69734c6f67676f6e7c623a313b697341646d696e7c623a313b6973477572757c623a303b),
	('3qt8ja8gmkk50m9h3qvrtuj2d636l7t4', '127.0.0.1', 1635314400, _binary 0x5f5f63695f6c6173745f726567656e65726174657c693a313633353331343430303b7569647c733a313a2232223b757365726e616d657c733a31383a22303037323334353237343637313238313732223b656d61696c7c4e3b6e616d617c733a33323a22426f6e6176656e747572612044696d6173205061736b61205072616468616e61223b6964757365727c733a313a2232223b726f6c657c733a323a223939223b726f6c656e616d657c733a31333a2241646d696e6973747261746f72223b7374617475737c733a313a2230223b69734c6f67676f6e7c623a313b697341646d696e7c623a313b6973477572757c623a303b),
	('b3b8dvrtcrmh4g0au77l4ncn3l3miau8', '127.0.0.1', 1635315529, _binary 0x5f5f63695f6c6173745f726567656e65726174657c693a313633353331353532393b7569647c733a313a2232223b757365726e616d657c733a31383a22303037323334353237343637313238313732223b656d61696c7c4e3b6e616d617c733a33323a22426f6e6176656e747572612044696d6173205061736b61205072616468616e61223b6964757365727c733a313a2232223b726f6c657c733a323a223939223b726f6c656e616d657c733a31333a2241646d696e6973747261746f72223b7374617475737c733a313a2230223b69734c6f67676f6e7c623a313b697341646d696e7c623a313b6973477572757c623a303b),
	('reirk7fnju03d4lvgks03eo711k1ap2l', '127.0.0.1', 1635314491, _binary 0x5f5f63695f6c6173745f726567656e65726174657c693a313633353331343439313b),
	('hh1viu113ssluo6k1o8n1vbptuo9ftng', '127.0.0.1', 1635316040, _binary 0x5f5f63695f6c6173745f726567656e65726174657c693a313633353331363034303b7569647c733a313a2232223b757365726e616d657c733a31383a22303037323334353237343637313238313732223b656d61696c7c4e3b6e616d617c733a33323a22426f6e6176656e747572612044696d6173205061736b61205072616468616e61223b6964757365727c733a313a2232223b726f6c657c733a323a223939223b726f6c656e616d657c733a31333a2241646d696e6973747261746f72223b7374617475737c733a313a2230223b69734c6f67676f6e7c623a313b697341646d696e7c623a313b6973477572757c623a303b),
	('oc580jend6u1blk0dsip3plubl0nhufs', '127.0.0.1', 1635315948, _binary 0x5f5f63695f6c6173745f726567656e65726174657c693a313633353331353934383b),
	('0g16u7eq41723uui1elmj669krh46rf9', '127.0.0.1', 1635316349, _binary 0x5f5f63695f6c6173745f726567656e65726174657c693a313633353331363334393b7569647c733a313a2232223b757365726e616d657c733a31383a22303037323334353237343637313238313732223b656d61696c7c4e3b6e616d617c733a33323a22426f6e6176656e747572612044696d6173205061736b61205072616468616e61223b6964757365727c733a313a2232223b726f6c657c733a323a223939223b726f6c656e616d657c733a31333a2241646d696e6973747261746f72223b7374617475737c733a313a2230223b69734c6f67676f6e7c623a313b697341646d696e7c623a313b6973477572757c623a303b),
	('aa60df9phni0s5bil4d7fkkj23bf1f00', '127.0.0.1', 1635316695, _binary 0x5f5f63695f6c6173745f726567656e65726174657c693a313633353331363639353b7569647c733a313a2232223b757365726e616d657c733a31383a22303037323334353237343637313238313732223b656d61696c7c4e3b6e616d617c733a33323a22426f6e6176656e747572612044696d6173205061736b61205072616468616e61223b6964757365727c733a313a2232223b726f6c657c733a323a223939223b726f6c656e616d657c733a31333a2241646d696e6973747261746f72223b7374617475737c733a313a2230223b69734c6f67676f6e7c623a313b697341646d696e7c623a313b6973477572757c623a303b),
	('ji1b264720a3vgbgho7r308han0c1var', '127.0.0.1', 1635317447, _binary 0x5f5f63695f6c6173745f726567656e65726174657c693a313633353331373434373b7569647c733a313a2232223b757365726e616d657c733a31383a22303037323334353237343637313238313732223b656d61696c7c4e3b6e616d617c733a33323a22426f6e6176656e747572612044696d6173205061736b61205072616468616e61223b6964757365727c733a313a2232223b726f6c657c733a323a223939223b726f6c656e616d657c733a31333a2241646d696e6973747261746f72223b7374617475737c733a313a2230223b69734c6f67676f6e7c623a313b697341646d696e7c623a313b6973477572757c623a303b),
	('amf7hjhhbsumoi208st6hf62n3haudvi', '127.0.0.1', 1635318092, _binary 0x5f5f63695f6c6173745f726567656e65726174657c693a313633353331383039323b7569647c733a313a2232223b757365726e616d657c733a31383a22303037323334353237343637313238313732223b656d61696c7c4e3b6e616d617c733a33323a22426f6e6176656e747572612044696d6173205061736b61205072616468616e61223b6964757365727c733a313a2232223b726f6c657c733a323a223939223b726f6c656e616d657c733a31333a2241646d696e6973747261746f72223b7374617475737c733a313a2230223b69734c6f67676f6e7c623a313b697341646d696e7c623a313b6973477572757c623a303b),
	('obvk1jutmsrgkda9tnqfgvakd332u65t', '127.0.0.1', 1635323967, _binary 0x5f5f63695f6c6173745f726567656e65726174657c693a313633353332333936373b7569647c733a313a2232223b757365726e616d657c733a31383a22303037323334353237343637313238313732223b656d61696c7c4e3b6e616d617c733a33323a22426f6e6176656e747572612044696d6173205061736b61205072616468616e61223b6964757365727c733a313a2232223b726f6c657c733a323a223939223b726f6c656e616d657c733a31333a2241646d696e6973747261746f72223b7374617475737c733a313a2230223b69734c6f67676f6e7c623a313b697341646d696e7c623a313b6973477572757c623a303b),
	('k3g96e3pbs45huto6n925nl18htceotl', '127.0.0.1', 1635324344, _binary 0x5f5f63695f6c6173745f726567656e65726174657c693a313633353332343334343b7569647c733a313a2232223b757365726e616d657c733a31383a22303037323334353237343637313238313732223b656d61696c7c4e3b6e616d617c733a33323a22426f6e6176656e747572612044696d6173205061736b61205072616468616e61223b6964757365727c733a313a2232223b726f6c657c733a323a223939223b726f6c656e616d657c733a31333a2241646d696e6973747261746f72223b7374617475737c733a313a2230223b69734c6f67676f6e7c623a313b697341646d696e7c623a313b6973477572757c623a303b),
	('c60pjjhl4vfupb2essreqefqa3gvc3mk', '127.0.0.1', 1635327157, _binary 0x5f5f63695f6c6173745f726567656e65726174657c693a313633353332373135373b7569647c733a313a2232223b757365726e616d657c733a31383a22303037323334353237343637313238313732223b656d61696c7c4e3b6e616d617c733a33323a22426f6e6176656e747572612044696d6173205061736b61205072616468616e61223b6964757365727c733a313a2232223b726f6c657c733a323a223939223b726f6c656e616d657c733a31333a2241646d696e6973747261746f72223b7374617475737c733a313a2230223b69734c6f67676f6e7c623a313b697341646d696e7c623a313b6973477572757c623a303b),
	('ba1habsgkvbodm620ok6tt0ljmk5nemq', '127.0.0.1', 1635324934, _binary 0x5f5f63695f6c6173745f726567656e65726174657c693a313633353332343933343b7569647c733a313a2232223b757365726e616d657c733a31383a22303037323334353237343637313238313732223b656d61696c7c4e3b6e616d617c733a33323a22426f6e6176656e747572612044696d6173205061736b61205072616468616e61223b6964757365727c733a313a2232223b726f6c657c733a323a223939223b726f6c656e616d657c733a31333a2241646d696e6973747261746f72223b7374617475737c733a313a2230223b69734c6f67676f6e7c623a313b697341646d696e7c623a313b6973477572757c623a303b),
	('5sa1dab57ka5uu1h624qs32u365isqhl', '127.0.0.1', 1635327465, _binary 0x5f5f63695f6c6173745f726567656e65726174657c693a313633353332373436353b7569647c733a313a2232223b757365726e616d657c733a31383a22303037323334353237343637313238313732223b656d61696c7c4e3b6e616d617c733a33323a22426f6e6176656e747572612044696d6173205061736b61205072616468616e61223b6964757365727c733a313a2232223b726f6c657c733a323a223939223b726f6c656e616d657c733a31333a2241646d696e6973747261746f72223b7374617475737c733a313a2230223b69734c6f67676f6e7c623a313b697341646d696e7c623a313b6973477572757c623a303b),
	('2ljjkstkggr3p4rscrgdljsroqf4snu5', '127.0.0.1', 1635327872, _binary 0x5f5f63695f6c6173745f726567656e65726174657c693a313633353332373837323b7569647c733a313a2232223b757365726e616d657c733a31383a22303037323334353237343637313238313732223b656d61696c7c4e3b6e616d617c733a33323a22426f6e6176656e747572612044696d6173205061736b61205072616468616e61223b6964757365727c733a313a2232223b726f6c657c733a323a223939223b726f6c656e616d657c733a31333a2241646d696e6973747261746f72223b7374617475737c733a313a2230223b69734c6f67676f6e7c623a313b697341646d696e7c623a313b6973477572757c623a303b),
	('g49056aoe7a61m9jalhhcbao5flstt01', '127.0.0.1', 1635328195, _binary 0x5f5f63695f6c6173745f726567656e65726174657c693a313633353332383139353b7569647c733a313a2232223b757365726e616d657c733a31383a22303037323334353237343637313238313732223b656d61696c7c4e3b6e616d617c733a33323a22426f6e6176656e747572612044696d6173205061736b61205072616468616e61223b6964757365727c733a313a2232223b726f6c657c733a323a223939223b726f6c656e616d657c733a31333a2241646d696e6973747261746f72223b7374617475737c733a313a2230223b69734c6f67676f6e7c623a313b697341646d696e7c623a313b6973477572757c623a303b),
	('eo37ea9cfalt5egc92igu95f821fsk1k', '127.0.0.1', 1635328681, _binary 0x5f5f63695f6c6173745f726567656e65726174657c693a313633353332383638313b7569647c733a313a2232223b757365726e616d657c733a31383a22303037323334353237343637313238313732223b656d61696c7c4e3b6e616d617c733a33323a22426f6e6176656e747572612044696d6173205061736b61205072616468616e61223b6964757365727c733a313a2232223b726f6c657c733a323a223939223b726f6c656e616d657c733a31333a2241646d696e6973747261746f72223b7374617475737c733a313a2230223b69734c6f67676f6e7c623a313b697341646d696e7c623a313b6973477572757c623a303b),
	('pmphgnthb4vrn15j87utnk3fio6mho6s', '127.0.0.1', 1635328988, _binary 0x5f5f63695f6c6173745f726567656e65726174657c693a313633353332383938383b7569647c733a313a2232223b757365726e616d657c733a31383a22303037323334353237343637313238313732223b656d61696c7c4e3b6e616d617c733a33323a22426f6e6176656e747572612044696d6173205061736b61205072616468616e61223b6964757365727c733a313a2232223b726f6c657c733a323a223939223b726f6c656e616d657c733a31333a2241646d696e6973747261746f72223b7374617475737c733a313a2230223b69734c6f67676f6e7c623a313b697341646d696e7c623a313b6973477572757c623a303b),
	('e9e49bffekuimap0p10v7amjqmpeaub8', '127.0.0.1', 1635329352, _binary 0x5f5f63695f6c6173745f726567656e65726174657c693a313633353332393335323b7569647c733a313a2232223b757365726e616d657c733a31383a22303037323334353237343637313238313732223b656d61696c7c4e3b6e616d617c733a33323a22426f6e6176656e747572612044696d6173205061736b61205072616468616e61223b6964757365727c733a313a2232223b726f6c657c733a323a223939223b726f6c656e616d657c733a31333a2241646d696e6973747261746f72223b7374617475737c733a313a2230223b69734c6f67676f6e7c623a313b697341646d696e7c623a313b6973477572757c623a303b),
	('m1vtmfdtaen8jknj6tlqlcl0nbnlqe0a', '127.0.0.1', 1635329666, _binary 0x5f5f63695f6c6173745f726567656e65726174657c693a313633353332393636363b7569647c733a313a2232223b757365726e616d657c733a31383a22303037323334353237343637313238313732223b656d61696c7c4e3b6e616d617c733a33323a22426f6e6176656e747572612044696d6173205061736b61205072616468616e61223b6964757365727c733a313a2232223b726f6c657c733a323a223939223b726f6c656e616d657c733a31333a2241646d696e6973747261746f72223b7374617475737c733a313a2230223b69734c6f67676f6e7c623a313b697341646d696e7c623a313b6973477572757c623a303b),
	('qb9c1ingp2asg75jhf60rv9cdghfh6m9', '127.0.0.1', 1635330093, _binary 0x5f5f63695f6c6173745f726567656e65726174657c693a313633353333303039333b7569647c733a313a2232223b757365726e616d657c733a31383a22303037323334353237343637313238313732223b656d61696c7c4e3b6e616d617c733a33323a22426f6e6176656e747572612044696d6173205061736b61205072616468616e61223b6964757365727c733a313a2232223b726f6c657c733a323a223939223b726f6c656e616d657c733a31333a2241646d696e6973747261746f72223b7374617475737c733a313a2230223b69734c6f67676f6e7c623a313b697341646d696e7c623a313b6973477572757c623a303b),
	('f2lvfleome56h845mg3vlgv15bp3j4q0', '127.0.0.1', 1635332541, _binary 0x5f5f63695f6c6173745f726567656e65726174657c693a313633353333323534313b7569647c733a313a2232223b757365726e616d657c733a31383a22303037323334353237343637313238313732223b656d61696c7c4e3b6e616d617c733a33323a22426f6e6176656e747572612044696d6173205061736b61205072616468616e61223b6964757365727c733a313a2232223b726f6c657c733a323a223939223b726f6c656e616d657c733a31333a2241646d696e6973747261746f72223b7374617475737c733a313a2230223b69734c6f67676f6e7c623a313b697341646d696e7c623a313b6973477572757c623a303b),
	('21sdpk2j4a65p3ki9tuqd0ehpj1rs2bd', '127.0.0.1', 1635332902, _binary 0x5f5f63695f6c6173745f726567656e65726174657c693a313633353333323930323b7569647c733a313a2232223b757365726e616d657c733a31383a22303037323334353237343637313238313732223b656d61696c7c4e3b6e616d617c733a33323a22426f6e6176656e747572612044696d6173205061736b61205072616468616e61223b6964757365727c733a313a2232223b726f6c657c733a323a223939223b726f6c656e616d657c733a31333a2241646d696e6973747261746f72223b7374617475737c733a313a2230223b69734c6f67676f6e7c623a313b697341646d696e7c623a313b6973477572757c623a303b),
	('m2h2j9vnds83q3fis8mmi1rq6keevrgk', '127.0.0.1', 1635333233, _binary 0x5f5f63695f6c6173745f726567656e65726174657c693a313633353333333233333b7569647c733a313a2232223b757365726e616d657c733a31383a22303037323334353237343637313238313732223b656d61696c7c4e3b6e616d617c733a33323a22426f6e6176656e747572612044696d6173205061736b61205072616468616e61223b6964757365727c733a313a2232223b726f6c657c733a323a223939223b726f6c656e616d657c733a31333a2241646d696e6973747261746f72223b7374617475737c733a313a2230223b69734c6f67676f6e7c623a313b697341646d696e7c623a313b6973477572757c623a303b),
	('ihs1e8pp85940g7u0s1v665k57vag4hp', '127.0.0.1', 1635333138, _binary 0x5f5f63695f6c6173745f726567656e65726174657c693a313633353333333133383b),
	('u2op1r4e8p285oa3pst3v90mdi65ojpv', '127.0.0.1', 1635333675, _binary 0x5f5f63695f6c6173745f726567656e65726174657c693a313633353333333637353b7569647c733a313a2233223b757365726e616d657c733a31383a22303037323334353237343637313238313738223b656d61696c7c4e3b6e616d617c733a32323a224d65696b656c2052756d696e67616e2c20532e50642e223b6964757365727c733a313a2233223b726f6c657c733a323a223535223b726f6c656e616d657c733a343a2247757275223b7374617475737c733a313a2230223b69734c6f67676f6e7c623a313b697341646d696e7c623a303b6973477572757c623a313b),
	('g4r5p4mvclcajgk9akt1t464vpebm87c', '127.0.0.1', 1635334126, _binary 0x5f5f63695f6c6173745f726567656e65726174657c693a313633353333343132363b7569647c733a313a2233223b757365726e616d657c733a31383a22303037323334353237343637313238313738223b656d61696c7c4e3b6e616d617c733a32323a224d65696b656c2052756d696e67616e2c20532e50642e223b6964757365727c733a313a2233223b726f6c657c733a323a223535223b726f6c656e616d657c733a343a2247757275223b7374617475737c733a313a2230223b69734c6f67676f6e7c623a313b697341646d696e7c623a303b6973477572757c623a313b),
	('a6jp6hika84gj2hcq5rtmo9p7m50d3af', '127.0.0.1', 1635334432, _binary 0x5f5f63695f6c6173745f726567656e65726174657c693a313633353333343132363b7569647c733a313a2233223b757365726e616d657c733a31383a22303037323334353237343637313238313738223b656d61696c7c4e3b6e616d617c733a32323a224d65696b656c2052756d696e67616e2c20532e50642e223b6964757365727c733a313a2233223b726f6c657c733a323a223535223b726f6c656e616d657c733a343a2247757275223b7374617475737c733a313a2230223b69734c6f67676f6e7c623a313b697341646d696e7c623a303b6973477572757c623a313b),
	('fgvgh2bkjed9vblu87kg9iogrsfsaiuq', '127.0.0.1', 1635334362, _binary 0x5f5f63695f6c6173745f726567656e65726174657c693a313633353333343336323b),
	('sl9ng0hmdpgmm3tvud2a2713okauq1jd', '127.0.0.1', 1635334438, _binary 0x5f5f63695f6c6173745f726567656e65726174657c693a313633353333343433383b),
	('g6g7c1efkjl93jo1dvsiq0mq7bg2i50f', '127.0.0.1', 1635394939, _binary 0x5f5f63695f6c6173745f726567656e65726174657c693a313633353339343933393b7569647c733a313a2233223b757365726e616d657c733a31383a22303037323334353237343637313238313738223b656d61696c7c4e3b6e616d617c733a32323a224d65696b656c2052756d696e67616e2c20532e50642e223b6964757365727c733a313a2233223b726f6c657c733a323a223535223b726f6c656e616d657c733a343a2247757275223b7374617475737c733a313a2230223b69734c6f67676f6e7c623a313b697341646d696e7c623a303b6973477572757c623a313b),
	('jet792spev9ob9uku6fh7ahphncprj8b', '127.0.0.1', 1635395243, _binary 0x5f5f63695f6c6173745f726567656e65726174657c693a313633353339353234333b7569647c733a313a2233223b757365726e616d657c733a31383a22303037323334353237343637313238313738223b656d61696c7c4e3b6e616d617c733a32323a224d65696b656c2052756d696e67616e2c20532e50642e223b6964757365727c733a313a2233223b726f6c657c733a323a223535223b726f6c656e616d657c733a343a2247757275223b7374617475737c733a313a2230223b69734c6f67676f6e7c623a313b697341646d696e7c623a303b6973477572757c623a313b),
	('lchurqenio5dff96um4qbhv30b62fl67', '127.0.0.1', 1635395761, _binary 0x5f5f63695f6c6173745f726567656e65726174657c693a313633353339353736313b7569647c733a313a2233223b757365726e616d657c733a31383a22303037323334353237343637313238313738223b656d61696c7c4e3b6e616d617c733a32323a224d65696b656c2052756d696e67616e2c20532e50642e223b6964757365727c733a313a2233223b726f6c657c733a323a223535223b726f6c656e616d657c733a343a2247757275223b7374617475737c733a313a2230223b69734c6f67676f6e7c623a313b697341646d696e7c623a303b6973477572757c623a313b),
	('1ik1kbo0ro8liccpv1gs632qh6q9q59s', '127.0.0.1', 1635396078, _binary 0x5f5f63695f6c6173745f726567656e65726174657c693a313633353339363037383b7569647c733a313a2233223b757365726e616d657c733a31383a22303037323334353237343637313238313738223b656d61696c7c4e3b6e616d617c733a32323a224d65696b656c2052756d696e67616e2c20532e50642e223b6964757365727c733a313a2233223b726f6c657c733a323a223535223b726f6c656e616d657c733a343a2247757275223b7374617475737c733a313a2230223b69734c6f67676f6e7c623a313b697341646d696e7c623a303b6973477572757c623a313b),
	('v44c31phrgb157cj8k8sjopu2mql3ppj', '127.0.0.1', 1635396395, _binary 0x5f5f63695f6c6173745f726567656e65726174657c693a313633353339363339353b7569647c733a313a2233223b757365726e616d657c733a31383a22303037323334353237343637313238313738223b656d61696c7c4e3b6e616d617c733a32323a224d65696b656c2052756d696e67616e2c20532e50642e223b6964757365727c733a313a2233223b726f6c657c733a323a223535223b726f6c656e616d657c733a343a2247757275223b7374617475737c733a313a2230223b69734c6f67676f6e7c623a313b697341646d696e7c623a303b6973477572757c623a313b),
	('4c58g6rj9c5dpio30ij01fudohkbbcbd', '127.0.0.1', 1635397866, _binary 0x5f5f63695f6c6173745f726567656e65726174657c693a313633353339373836363b7569647c733a313a2233223b757365726e616d657c733a31383a22303037323334353237343637313238313738223b656d61696c7c4e3b6e616d617c733a32323a224d65696b656c2052756d696e67616e2c20532e50642e223b6964757365727c733a313a2233223b726f6c657c733a323a223535223b726f6c656e616d657c733a343a2247757275223b7374617475737c733a313a2230223b69734c6f67676f6e7c623a313b697341646d696e7c623a303b6973477572757c623a313b),
	('5fkgra0vke51a04hvpghbs51cbg9n97j', '127.0.0.1', 1635398198, _binary 0x5f5f63695f6c6173745f726567656e65726174657c693a313633353339383139383b7569647c733a313a2233223b757365726e616d657c733a31383a22303037323334353237343637313238313738223b656d61696c7c4e3b6e616d617c733a32323a224d65696b656c2052756d696e67616e2c20532e50642e223b6964757365727c733a313a2233223b726f6c657c733a323a223535223b726f6c656e616d657c733a343a2247757275223b7374617475737c733a313a2230223b69734c6f67676f6e7c623a313b697341646d696e7c623a303b6973477572757c623a313b),
	('d4uqnl6m9j0v328ijtgcn4kmak4vsfts', '127.0.0.1', 1635398507, _binary 0x5f5f63695f6c6173745f726567656e65726174657c693a313633353339383530373b7569647c733a313a2233223b757365726e616d657c733a31383a22303037323334353237343637313238313738223b656d61696c7c4e3b6e616d617c733a32323a224d65696b656c2052756d696e67616e2c20532e50642e223b6964757365727c733a313a2233223b726f6c657c733a323a223535223b726f6c656e616d657c733a343a2247757275223b7374617475737c733a313a2230223b69734c6f67676f6e7c623a313b697341646d696e7c623a303b6973477572757c623a313b),
	('duhvrkma7aru7a9iukqb8d0sc1jo5b7k', '127.0.0.1', 1635398825, _binary 0x5f5f63695f6c6173745f726567656e65726174657c693a313633353339383832353b7569647c733a313a2233223b757365726e616d657c733a31383a22303037323334353237343637313238313738223b656d61696c7c4e3b6e616d617c733a32323a224d65696b656c2052756d696e67616e2c20532e50642e223b6964757365727c733a313a2233223b726f6c657c733a323a223535223b726f6c656e616d657c733a343a2247757275223b7374617475737c733a313a2230223b69734c6f67676f6e7c623a313b697341646d696e7c623a303b6973477572757c623a313b),
	('2b3j8ved6h8d16k730n1cu4q1r0dvtg9', '127.0.0.1', 1635400160, _binary 0x5f5f63695f6c6173745f726567656e65726174657c693a313633353430303136303b7569647c733a313a2233223b757365726e616d657c733a31383a22303037323334353237343637313238313738223b656d61696c7c4e3b6e616d617c733a32323a224d65696b656c2052756d696e67616e2c20532e50642e223b6964757365727c733a313a2233223b726f6c657c733a323a223535223b726f6c656e616d657c733a343a2247757275223b7374617475737c733a313a2230223b69734c6f67676f6e7c623a313b697341646d696e7c623a303b6973477572757c623a313b),
	('mpkpdm334o8m5rpaehb9748p4ajghk2f', '127.0.0.1', 1635404112, _binary 0x5f5f63695f6c6173745f726567656e65726174657c693a313633353430343131323b7569647c733a313a2233223b757365726e616d657c733a31383a22303037323334353237343637313238313738223b656d61696c7c4e3b6e616d617c733a32323a224d65696b656c2052756d696e67616e2c20532e50642e223b6964757365727c733a313a2233223b726f6c657c733a323a223535223b726f6c656e616d657c733a343a2247757275223b7374617475737c733a313a2230223b69734c6f67676f6e7c623a313b697341646d696e7c623a303b6973477572757c623a313b),
	('5rd3eokn31a2fsgl41ahk8knpuhsc0v6', '127.0.0.1', 1635405079, _binary 0x5f5f63695f6c6173745f726567656e65726174657c693a313633353430353037393b7569647c733a313a2233223b757365726e616d657c733a31383a22303037323334353237343637313238313738223b656d61696c7c4e3b6e616d617c733a32323a224d65696b656c2052756d696e67616e2c20532e50642e223b6964757365727c733a313a2233223b726f6c657c733a323a223535223b726f6c656e616d657c733a343a2247757275223b7374617475737c733a313a2230223b69734c6f67676f6e7c623a313b697341646d696e7c623a303b6973477572757c623a313b),
	('9m51vkoshq824osa07bis0h0iptuprgi', '127.0.0.1', 1635406126, _binary 0x5f5f63695f6c6173745f726567656e65726174657c693a313633353430363132363b7569647c733a313a2233223b757365726e616d657c733a31383a22303037323334353237343637313238313738223b656d61696c7c4e3b6e616d617c733a32323a224d65696b656c2052756d696e67616e2c20532e50642e223b6964757365727c733a313a2233223b726f6c657c733a323a223535223b726f6c656e616d657c733a343a2247757275223b7374617475737c733a313a2230223b69734c6f67676f6e7c623a313b697341646d696e7c623a303b6973477572757c623a313b),
	('v4onca55f28ea9i4vc01rh89s319nhl7', '127.0.0.1', 1635406431, _binary 0x5f5f63695f6c6173745f726567656e65726174657c693a313633353430363433313b7569647c733a313a2233223b757365726e616d657c733a31383a22303037323334353237343637313238313738223b656d61696c7c4e3b6e616d617c733a32323a224d65696b656c2052756d696e67616e2c20532e50642e223b6964757365727c733a313a2233223b726f6c657c733a323a223535223b726f6c656e616d657c733a343a2247757275223b7374617475737c733a313a2230223b69734c6f67676f6e7c623a313b697341646d696e7c623a303b6973477572757c623a313b),
	('l3sk0l5s5l3rt9c7b4m93hsd13ckv8mm', '127.0.0.1', 1635406755, _binary 0x5f5f63695f6c6173745f726567656e65726174657c693a313633353430363735353b7569647c733a313a2233223b757365726e616d657c733a31383a22303037323334353237343637313238313738223b656d61696c7c4e3b6e616d617c733a32323a224d65696b656c2052756d696e67616e2c20532e50642e223b6964757365727c733a313a2233223b726f6c657c733a323a223535223b726f6c656e616d657c733a343a2247757275223b7374617475737c733a313a2230223b69734c6f67676f6e7c623a313b697341646d696e7c623a303b6973477572757c623a313b),
	('e3bii0c5nl4s6bn98ccf9demga0kf5el', '127.0.0.1', 1635407468, _binary 0x5f5f63695f6c6173745f726567656e65726174657c693a313633353430373436383b7569647c733a313a2233223b757365726e616d657c733a31383a22303037323334353237343637313238313738223b656d61696c7c4e3b6e616d617c733a32323a224d65696b656c2052756d696e67616e2c20532e50642e223b6964757365727c733a313a2233223b726f6c657c733a323a223535223b726f6c656e616d657c733a343a2247757275223b7374617475737c733a313a2230223b69734c6f67676f6e7c623a313b697341646d696e7c623a303b6973477572757c623a313b),
	('m08urtb2bo3tf03m6d7khldhikkhetu3', '127.0.0.1', 1635406881, _binary 0x5f5f63695f6c6173745f726567656e65726174657c693a313633353430363838313b),
	('ebik4c6odpvva7ed8u5k28ripsnaqdqd', '127.0.0.1', 1635407931, _binary 0x5f5f63695f6c6173745f726567656e65726174657c693a313633353430373933313b7569647c733a313a2233223b757365726e616d657c733a31383a22303037323334353237343637313238313738223b656d61696c7c4e3b6e616d617c733a32323a224d65696b656c2052756d696e67616e2c20532e50642e223b6964757365727c733a313a2233223b726f6c657c733a323a223535223b726f6c656e616d657c733a343a2247757275223b7374617475737c733a313a2230223b69734c6f67676f6e7c623a313b697341646d696e7c623a303b6973477572757c623a313b),
	('nlver280rce2tr6olejjkejlcgbn347i', '127.0.0.1', 1635407477, _binary 0x5f5f63695f6c6173745f726567656e65726174657c693a313633353430373437373b),
	('6hc94bn27r40liuf4ucq6tgnuq37osoi', '127.0.0.1', 1635413018, _binary 0x5f5f63695f6c6173745f726567656e65726174657c693a313633353431333031383b7569647c733a313a2233223b757365726e616d657c733a31383a22303037323334353237343637313238313738223b656d61696c7c4e3b6e616d617c733a32323a224d65696b656c2052756d696e67616e2c20532e50642e223b6964757365727c733a313a2233223b726f6c657c733a323a223535223b726f6c656e616d657c733a343a2247757275223b7374617475737c733a313a2230223b69734c6f67676f6e7c623a313b697341646d696e7c623a303b6973477572757c623a313b),
	('ueonrulvaf77m1cakdm8ec5mj8o0pb9v', '127.0.0.1', 1635408007, _binary 0x5f5f63695f6c6173745f726567656e65726174657c693a313633353430383030373b),
	('unjocgdeet5r03ffp0o7g1nrenbdeohp', '127.0.0.1', 1635413024, _binary 0x5f5f63695f6c6173745f726567656e65726174657c693a313633353431333031383b7569647c733a313a2233223b757365726e616d657c733a31383a22303037323334353237343637313238313738223b656d61696c7c4e3b6e616d617c733a32323a224d65696b656c2052756d696e67616e2c20532e50642e223b6964757365727c733a313a2233223b726f6c657c733a323a223535223b726f6c656e616d657c733a343a2247757275223b7374617475737c733a313a2230223b69734c6f67676f6e7c623a313b697341646d696e7c623a303b6973477572757c623a313b),
	('cn0oh5om35h0a0jmng0epdu8akmkrbh8', '127.0.0.1', 1635421600, _binary 0x5f5f63695f6c6173745f726567656e65726174657c693a313633353432313630303b7569647c733a313a2232223b757365726e616d657c733a31383a22303037323334353237343637313238313732223b656d61696c7c4e3b6e616d617c733a33323a22426f6e6176656e747572612044696d6173205061736b61205072616468616e61223b6964757365727c733a313a2232223b726f6c657c733a323a223939223b726f6c656e616d657c733a31333a2241646d696e6973747261746f72223b7374617475737c733a313a2230223b69734c6f67676f6e7c623a313b697341646d696e7c623a313b6973477572757c623a303b),
	('lajf0v2nn6ljabifso8i2d520licncha', '127.0.0.1', 1635422427, _binary 0x5f5f63695f6c6173745f726567656e65726174657c693a313633353432323432373b7569647c733a313a2232223b757365726e616d657c733a31383a22303037323334353237343637313238313732223b656d61696c7c4e3b6e616d617c733a33323a22426f6e6176656e747572612044696d6173205061736b61205072616468616e61223b6964757365727c733a313a2232223b726f6c657c733a323a223939223b726f6c656e616d657c733a31333a2241646d696e6973747261746f72223b7374617475737c733a313a2230223b69734c6f67676f6e7c623a313b697341646d696e7c623a313b6973477572757c623a303b),
	('dk55f75jvbqpl9f4sd92hdfa7nlgkc3n', '127.0.0.1', 1635423042, _binary 0x5f5f63695f6c6173745f726567656e65726174657c693a313633353432333034323b7569647c733a313a2233223b757365726e616d657c733a31383a22303037323334353237343637313238313738223b656d61696c7c4e3b6e616d617c733a32323a224d65696b656c2052756d696e67616e2c20532e50642e223b6964757365727c733a313a2233223b726f6c657c733a323a223535223b726f6c656e616d657c733a343a2247757275223b7374617475737c733a313a2230223b69734c6f67676f6e7c623a313b697341646d696e7c623a303b6973477572757c623a313b),
	('v0ve7heo80qcblj24hmhoviecvp4c607', '127.0.0.1', 1635423072, _binary 0x5f5f63695f6c6173745f726567656e65726174657c693a313633353432333034323b7569647c733a313a2233223b757365726e616d657c733a31383a22303037323334353237343637313238313738223b656d61696c7c4e3b6e616d617c733a32323a224d65696b656c2052756d696e67616e2c20532e50642e223b6964757365727c733a313a2233223b726f6c657c733a323a223535223b726f6c656e616d657c733a343a2247757275223b7374617475737c733a313a2230223b69734c6f67676f6e7c623a313b697341646d696e7c623a303b6973477572757c623a313b),
	('1ebirj98vtm6276k36j7rh1n47rr4lp5', '127.0.0.1', 1635471018, _binary 0x5f5f63695f6c6173745f726567656e65726174657c693a313633353437313031383b7569647c733a313a2232223b757365726e616d657c733a31383a22303037323334353237343637313238313732223b656d61696c7c4e3b6e616d617c733a33323a22426f6e6176656e747572612044696d6173205061736b61205072616468616e61223b6964757365727c733a313a2232223b726f6c657c733a323a223939223b726f6c656e616d657c733a31333a2241646d696e6973747261746f72223b7374617475737c733a313a2230223b69734c6f67676f6e7c623a313b697341646d696e7c623a313b6973477572757c623a303b),
	('fsgkhn8tatsnbrgi8hnb3k2khhhs6jqn', '127.0.0.1', 1635471336, _binary 0x5f5f63695f6c6173745f726567656e65726174657c693a313633353437313333363b7569647c733a313a2232223b757365726e616d657c733a31383a22303037323334353237343637313238313732223b656d61696c7c4e3b6e616d617c733a33323a22426f6e6176656e747572612044696d6173205061736b61205072616468616e61223b6964757365727c733a313a2232223b726f6c657c733a323a223939223b726f6c656e616d657c733a31333a2241646d696e6973747261746f72223b7374617475737c733a313a2230223b69734c6f67676f6e7c623a313b697341646d696e7c623a313b6973477572757c623a303b),
	('c9kn8jjmpn234kvdtdp6blbg3kv3r8p3', '127.0.0.1', 1635471683, _binary 0x5f5f63695f6c6173745f726567656e65726174657c693a313633353437313638333b7569647c733a313a2232223b757365726e616d657c733a31383a22303037323334353237343637313238313732223b656d61696c7c4e3b6e616d617c733a33323a22426f6e6176656e747572612044696d6173205061736b61205072616468616e61223b6964757365727c733a313a2232223b726f6c657c733a323a223939223b726f6c656e616d657c733a31333a2241646d696e6973747261746f72223b7374617475737c733a313a2230223b69734c6f67676f6e7c623a313b697341646d696e7c623a313b6973477572757c623a303b),
	('46usmo6i43elpehlve0gps8fn050stn2', '127.0.0.1', 1635471616, _binary 0x5f5f63695f6c6173745f726567656e65726174657c693a313633353437313631363b),
	('om5vn660q4g4fvn2aaut8j24ufs392id', '127.0.0.1', 1635474378, _binary 0x5f5f63695f6c6173745f726567656e65726174657c693a313633353437343337383b7569647c733a313a2232223b757365726e616d657c733a31383a22303037323334353237343637313238313732223b656d61696c7c4e3b6e616d617c733a33323a22426f6e6176656e747572612044696d6173205061736b61205072616468616e61223b6964757365727c733a313a2232223b726f6c657c733a323a223939223b726f6c656e616d657c733a31333a2241646d696e6973747261746f72223b7374617475737c733a313a2230223b69734c6f67676f6e7c623a313b697341646d696e7c623a313b6973477572757c623a303b),
	('d1mqdjavn8ioa1q5c7o5n5shqpmihs8e', '127.0.0.1', 1635476069, _binary 0x5f5f63695f6c6173745f726567656e65726174657c693a313633353437363036393b7569647c733a313a2232223b757365726e616d657c733a31383a22303037323334353237343637313238313732223b656d61696c7c4e3b6e616d617c733a33323a22426f6e6176656e747572612044696d6173205061736b61205072616468616e61223b6964757365727c733a313a2232223b726f6c657c733a323a223939223b726f6c656e616d657c733a31333a2241646d696e6973747261746f72223b7374617475737c733a313a2230223b69734c6f67676f6e7c623a313b697341646d696e7c623a313b6973477572757c623a303b),
	('9q2553qdkvcdhit3mnnaggene99is2bj', '127.0.0.1', 1635476441, _binary 0x5f5f63695f6c6173745f726567656e65726174657c693a313633353437363434313b7569647c733a313a2232223b757365726e616d657c733a31383a22303037323334353237343637313238313732223b656d61696c7c4e3b6e616d617c733a33323a22426f6e6176656e747572612044696d6173205061736b61205072616468616e61223b6964757365727c733a313a2232223b726f6c657c733a323a223939223b726f6c656e616d657c733a31333a2241646d696e6973747261746f72223b7374617475737c733a313a2230223b69734c6f67676f6e7c623a313b697341646d696e7c623a313b6973477572757c623a303b),
	('kdm43bijgm2pks23h8jc10rspo489u7t', '127.0.0.1', 1635476788, _binary 0x5f5f63695f6c6173745f726567656e65726174657c693a313633353437363738383b7569647c733a313a2232223b757365726e616d657c733a31383a22303037323334353237343637313238313732223b656d61696c7c4e3b6e616d617c733a33323a22426f6e6176656e747572612044696d6173205061736b61205072616468616e61223b6964757365727c733a313a2232223b726f6c657c733a323a223939223b726f6c656e616d657c733a31333a2241646d696e6973747261746f72223b7374617475737c733a313a2230223b69734c6f67676f6e7c623a313b697341646d696e7c623a313b6973477572757c623a303b),
	('q6mscn636ul6osnevc34si16pmobuukj', '127.0.0.1', 1635479014, _binary 0x5f5f63695f6c6173745f726567656e65726174657c693a313633353437393031343b7569647c733a313a2232223b757365726e616d657c733a31383a22303037323334353237343637313238313732223b656d61696c7c4e3b6e616d617c733a33323a22426f6e6176656e747572612044696d6173205061736b61205072616468616e61223b6964757365727c733a313a2232223b726f6c657c733a323a223939223b726f6c656e616d657c733a31333a2241646d696e6973747261746f72223b7374617475737c733a313a2230223b69734c6f67676f6e7c623a313b697341646d696e7c623a313b6973477572757c623a303b),
	('3dn0v2efv4c2nuh1d76ovdiap2p5l4h6', '127.0.0.1', 1635479626, _binary 0x5f5f63695f6c6173745f726567656e65726174657c693a313633353437393632363b7569647c733a313a2233223b757365726e616d657c733a31383a22303037323334353237343637313238313738223b656d61696c7c4e3b6e616d617c733a32323a224d65696b656c2052756d696e67616e2c20532e50642e223b6964757365727c733a313a2233223b726f6c657c733a323a223535223b726f6c656e616d657c733a343a2247757275223b7374617475737c733a313a2230223b69734c6f67676f6e7c623a313b697341646d696e7c623a303b6973477572757c623a313b),
	('3b7seirme4dt3hud58us7lnqoruluokv', '127.0.0.1', 1635480122, _binary 0x5f5f63695f6c6173745f726567656e65726174657c693a313633353438303132323b7569647c733a313a2232223b757365726e616d657c733a31383a22303037323334353237343637313238313732223b656d61696c7c4e3b6e616d617c733a33323a22426f6e6176656e747572612044696d6173205061736b61205072616468616e61223b6964757365727c733a313a2232223b726f6c657c733a323a223939223b726f6c656e616d657c733a31333a2241646d696e6973747261746f72223b7374617475737c733a313a2230223b69734c6f67676f6e7c623a313b697341646d696e7c623a313b6973477572757c623a303b),
	('33a9uc3h6dvprv26i7f1niltqd18u1iq', '127.0.0.1', 1635481162, _binary 0x5f5f63695f6c6173745f726567656e65726174657c693a313633353438313136323b7569647c733a313a2232223b757365726e616d657c733a31383a22303037323334353237343637313238313732223b656d61696c7c4e3b6e616d617c733a33323a22426f6e6176656e747572612044696d6173205061736b61205072616468616e61223b6964757365727c733a313a2232223b726f6c657c733a323a223939223b726f6c656e616d657c733a31333a2241646d696e6973747261746f72223b7374617475737c733a313a2230223b69734c6f67676f6e7c623a313b697341646d696e7c623a313b6973477572757c623a303b),
	('09cgg11mpn89igb7jaj4pvh12prpfsvj', '127.0.0.1', 1635481225, _binary 0x5f5f63695f6c6173745f726567656e65726174657c693a313633353438313232353b7569647c733a313a2233223b757365726e616d657c733a31383a22303037323334353237343637313238313738223b656d61696c7c4e3b6e616d617c733a32323a224d65696b656c2052756d696e67616e2c20532e50642e223b6964757365727c733a313a2233223b726f6c657c733a323a223535223b726f6c656e616d657c733a343a2247757275223b7374617475737c733a313a2230223b69734c6f67676f6e7c623a313b697341646d696e7c623a303b6973477572757c623a313b),
	('4fkthdm2o8uip55ousrb62vmu2qhc20n', '127.0.0.1', 1635481618, _binary 0x5f5f63695f6c6173745f726567656e65726174657c693a313633353438313631383b7569647c733a313a2232223b757365726e616d657c733a31383a22303037323334353237343637313238313732223b656d61696c7c4e3b6e616d617c733a33323a22426f6e6176656e747572612044696d6173205061736b61205072616468616e61223b6964757365727c733a313a2232223b726f6c657c733a323a223939223b726f6c656e616d657c733a31333a2241646d696e6973747261746f72223b7374617475737c733a313a2230223b69734c6f67676f6e7c623a313b697341646d696e7c623a313b6973477572757c623a303b),
	('nj7mkc0t1eeh5iqpvc1knmmus886rgj2', '127.0.0.1', 1635481675, _binary 0x5f5f63695f6c6173745f726567656e65726174657c693a313633353438313637353b7569647c733a313a2233223b757365726e616d657c733a31383a22303037323334353237343637313238313738223b656d61696c7c4e3b6e616d617c733a32323a224d65696b656c2052756d696e67616e2c20532e50642e223b6964757365727c733a313a2233223b726f6c657c733a323a223535223b726f6c656e616d657c733a343a2247757275223b7374617475737c733a313a2230223b69734c6f67676f6e7c623a313b697341646d696e7c623a303b6973477572757c623a313b),
	('ki104c3elcjvqq9uu4dkkd6l8tkqdub2', '127.0.0.1', 1635482131, _binary 0x5f5f63695f6c6173745f726567656e65726174657c693a313633353438323133313b7569647c733a313a2232223b757365726e616d657c733a31383a22303037323334353237343637313238313732223b656d61696c7c4e3b6e616d617c733a33323a22426f6e6176656e747572612044696d6173205061736b61205072616468616e61223b6964757365727c733a313a2232223b726f6c657c733a323a223939223b726f6c656e616d657c733a31333a2241646d696e6973747261746f72223b7374617475737c733a313a2230223b69734c6f67676f6e7c623a313b697341646d696e7c623a313b6973477572757c623a303b),
	('hmnkabhgvkauqh0rl7uvmu739mh30rv8', '127.0.0.1', 1635481987, _binary 0x5f5f63695f6c6173745f726567656e65726174657c693a313633353438313938373b7569647c733a313a2233223b757365726e616d657c733a31383a22303037323334353237343637313238313738223b656d61696c7c4e3b6e616d617c733a32323a224d65696b656c2052756d696e67616e2c20532e50642e223b6964757365727c733a313a2233223b726f6c657c733a323a223535223b726f6c656e616d657c733a343a2247757275223b7374617475737c733a313a2230223b69734c6f67676f6e7c623a313b697341646d696e7c623a303b6973477572757c623a313b),
	('sllii0i047rsnoce2tlh6s1jelvhbrnb', '127.0.0.1', 1635484286, _binary 0x5f5f63695f6c6173745f726567656e65726174657c693a313633353438343238363b7569647c733a313a2233223b757365726e616d657c733a31383a22303037323334353237343637313238313738223b656d61696c7c4e3b6e616d617c733a32323a224d65696b656c2052756d696e67616e2c20532e50642e223b6964757365727c733a313a2233223b726f6c657c733a323a223535223b726f6c656e616d657c733a343a2247757275223b7374617475737c733a313a2230223b69734c6f67676f6e7c623a313b697341646d696e7c623a303b6973477572757c623a313b),
	('usd3t441i0enp464eli0ot3lellqbt5u', '127.0.0.1', 1635484262, _binary 0x5f5f63695f6c6173745f726567656e65726174657c693a313633353438343236323b7569647c733a313a2232223b757365726e616d657c733a31383a22303037323334353237343637313238313732223b656d61696c7c4e3b6e616d617c733a33323a22426f6e6176656e747572612044696d6173205061736b61205072616468616e61223b6964757365727c733a313a2232223b726f6c657c733a323a223939223b726f6c656e616d657c733a31333a2241646d696e6973747261746f72223b7374617475737c733a313a2230223b69734c6f67676f6e7c623a313b697341646d696e7c623a313b6973477572757c623a303b),
	('jlmeq856ur7si0vutuht45u3t4nu1v13', '127.0.0.1', 1635488078, _binary 0x5f5f63695f6c6173745f726567656e65726174657c693a313633353438383037383b7569647c733a313a2232223b757365726e616d657c733a31383a22303037323334353237343637313238313732223b656d61696c7c4e3b6e616d617c733a33323a22426f6e6176656e747572612044696d6173205061736b61205072616468616e61223b6964757365727c733a313a2232223b726f6c657c733a323a223939223b726f6c656e616d657c733a31333a2241646d696e6973747261746f72223b7374617475737c733a313a2230223b69734c6f67676f6e7c623a313b697341646d696e7c623a313b6973477572757c623a303b),
	('jd6csjkmojh76c3atubeggkea099kapi', '127.0.0.1', 1635485739, _binary 0x5f5f63695f6c6173745f726567656e65726174657c693a313633353438353733393b7569647c733a313a2233223b757365726e616d657c733a31383a22303037323334353237343637313238313738223b656d61696c7c4e3b6e616d617c733a32323a224d65696b656c2052756d696e67616e2c20532e50642e223b6964757365727c733a313a2233223b726f6c657c733a323a223535223b726f6c656e616d657c733a343a2247757275223b7374617475737c733a313a2230223b69734c6f67676f6e7c623a313b697341646d696e7c623a303b6973477572757c623a313b),
	('3smt06rshvqse6ga5ra6p9b36oa8ger3', '127.0.0.1', 1635486050, _binary 0x5f5f63695f6c6173745f726567656e65726174657c693a313633353438363035303b7569647c733a313a2233223b757365726e616d657c733a31383a22303037323334353237343637313238313738223b656d61696c7c4e3b6e616d617c733a32323a224d65696b656c2052756d696e67616e2c20532e50642e223b6964757365727c733a313a2233223b726f6c657c733a323a223535223b726f6c656e616d657c733a343a2247757275223b7374617475737c733a313a2230223b69734c6f67676f6e7c623a313b697341646d696e7c623a303b6973477572757c623a313b),
	('cmilkl3j1h8qv6njek0fq685n5nu6hrg', '127.0.0.1', 1635486722, _binary 0x5f5f63695f6c6173745f726567656e65726174657c693a313633353438363732323b7569647c733a313a2233223b757365726e616d657c733a31383a22303037323334353237343637313238313738223b656d61696c7c4e3b6e616d617c733a32323a224d65696b656c2052756d696e67616e2c20532e50642e223b6964757365727c733a313a2233223b726f6c657c733a323a223535223b726f6c656e616d657c733a343a2247757275223b7374617475737c733a313a2230223b69734c6f67676f6e7c623a313b697341646d696e7c623a303b6973477572757c623a313b),
	('5paeq5mhqljbupjohn6squhhcha2qs9a', '127.0.0.1', 1635487084, _binary 0x5f5f63695f6c6173745f726567656e65726174657c693a313633353438373038343b7569647c733a313a2233223b757365726e616d657c733a31383a22303037323334353237343637313238313738223b656d61696c7c4e3b6e616d617c733a32323a224d65696b656c2052756d696e67616e2c20532e50642e223b6964757365727c733a313a2233223b726f6c657c733a323a223535223b726f6c656e616d657c733a343a2247757275223b7374617475737c733a313a2230223b69734c6f67676f6e7c623a313b697341646d696e7c623a303b6973477572757c623a313b),
	('juc55s09ntu6rtd6se5cep2709i7c508', '127.0.0.1', 1635487697, _binary 0x5f5f63695f6c6173745f726567656e65726174657c693a313633353438373639373b7569647c733a313a2233223b757365726e616d657c733a31383a22303037323334353237343637313238313738223b656d61696c7c4e3b6e616d617c733a32323a224d65696b656c2052756d696e67616e2c20532e50642e223b6964757365727c733a313a2233223b726f6c657c733a323a223535223b726f6c656e616d657c733a343a2247757275223b7374617475737c733a313a2230223b69734c6f67676f6e7c623a313b697341646d696e7c623a303b6973477572757c623a313b),
	('r77sksu5m9u0gdg469sfs88sgsu65ksn', '127.0.0.1', 1635488050, _binary 0x5f5f63695f6c6173745f726567656e65726174657c693a313633353438383035303b7569647c733a313a2233223b757365726e616d657c733a31383a22303037323334353237343637313238313738223b656d61696c7c4e3b6e616d617c733a32323a224d65696b656c2052756d696e67616e2c20532e50642e223b6964757365727c733a313a2233223b726f6c657c733a323a223535223b726f6c656e616d657c733a343a2247757275223b7374617475737c733a313a2230223b69734c6f67676f6e7c623a313b697341646d696e7c623a303b6973477572757c623a313b),
	('1a591foa8p9l492oeiqg6oa785pseods', '127.0.0.1', 1635488381, _binary 0x5f5f63695f6c6173745f726567656e65726174657c693a313633353438383338313b7569647c733a313a2233223b757365726e616d657c733a31383a22303037323334353237343637313238313738223b656d61696c7c4e3b6e616d617c733a32323a224d65696b656c2052756d696e67616e2c20532e50642e223b6964757365727c733a313a2233223b726f6c657c733a323a223535223b726f6c656e616d657c733a343a2247757275223b7374617475737c733a313a2230223b69734c6f67676f6e7c623a313b697341646d696e7c623a303b6973477572757c623a313b),
	('csngmc7jjfj4g0q9d13gejtn8qg0b25f', '127.0.0.1', 1635488530, _binary 0x5f5f63695f6c6173745f726567656e65726174657c693a313633353438383533303b7569647c733a313a2232223b757365726e616d657c733a31383a22303037323334353237343637313238313732223b656d61696c7c4e3b6e616d617c733a33323a22426f6e6176656e747572612044696d6173205061736b61205072616468616e61223b6964757365727c733a313a2232223b726f6c657c733a323a223939223b726f6c656e616d657c733a31333a2241646d696e6973747261746f72223b7374617475737c733a313a2230223b69734c6f67676f6e7c623a313b697341646d696e7c623a313b6973477572757c623a303b),
	('sti23pshfg556br8fva5pqsbkt4elmkc', '127.0.0.1', 1635489285, _binary 0x5f5f63695f6c6173745f726567656e65726174657c693a313633353438393238353b7569647c733a313a2233223b757365726e616d657c733a31383a22303037323334353237343637313238313738223b656d61696c7c4e3b6e616d617c733a32323a224d65696b656c2052756d696e67616e2c20532e50642e223b6964757365727c733a313a2233223b726f6c657c733a323a223535223b726f6c656e616d657c733a343a2247757275223b7374617475737c733a313a2230223b69734c6f67676f6e7c623a313b697341646d696e7c623a303b6973477572757c623a313b),
	('hskcqdrcafvpo7an4rco1jv06u52kqk0', '127.0.0.1', 1635489141, _binary 0x5f5f63695f6c6173745f726567656e65726174657c693a313633353438393134313b7569647c733a313a2232223b757365726e616d657c733a31383a22303037323334353237343637313238313732223b656d61696c7c4e3b6e616d617c733a33323a22426f6e6176656e747572612044696d6173205061736b61205072616468616e61223b6964757365727c733a313a2232223b726f6c657c733a323a223939223b726f6c656e616d657c733a31333a2241646d696e6973747261746f72223b7374617475737c733a313a2230223b69734c6f67676f6e7c623a313b697341646d696e7c623a313b6973477572757c623a303b),
	('6lfpq6t92p9l7e0ovrdsn0da94ms7dbr', '127.0.0.1', 1635489836, _binary 0x5f5f63695f6c6173745f726567656e65726174657c693a313633353438393833363b7569647c733a313a2232223b757365726e616d657c733a31383a22303037323334353237343637313238313732223b656d61696c7c4e3b6e616d617c733a33323a22426f6e6176656e747572612044696d6173205061736b61205072616468616e61223b6964757365727c733a313a2232223b726f6c657c733a323a223939223b726f6c656e616d657c733a31333a2241646d696e6973747261746f72223b7374617475737c733a313a2230223b69734c6f67676f6e7c623a313b697341646d696e7c623a313b6973477572757c623a303b),
	('lh1is8b25is6ur17f4lgsqqgmjt8tt37', '127.0.0.1', 1635489295, _binary 0x5f5f63695f6c6173745f726567656e65726174657c693a313633353438393238353b7569647c733a313a2233223b757365726e616d657c733a31383a22303037323334353237343637313238313738223b656d61696c7c4e3b6e616d617c733a32323a224d65696b656c2052756d696e67616e2c20532e50642e223b6964757365727c733a313a2233223b726f6c657c733a323a223535223b726f6c656e616d657c733a343a2247757275223b7374617475737c733a313a2230223b69734c6f67676f6e7c623a313b697341646d696e7c623a303b6973477572757c623a313b),
	('33rmi788954hs92djflnhb1nv7g196dl', '127.0.0.1', 1635490196, _binary 0x5f5f63695f6c6173745f726567656e65726174657c693a313633353439303139363b7569647c733a313a2232223b757365726e616d657c733a31383a22303037323334353237343637313238313732223b656d61696c7c4e3b6e616d617c733a33323a22426f6e6176656e747572612044696d6173205061736b61205072616468616e61223b6964757365727c733a313a2232223b726f6c657c733a323a223939223b726f6c656e616d657c733a31333a2241646d696e6973747261746f72223b7374617475737c733a313a2230223b69734c6f67676f6e7c623a313b697341646d696e7c623a313b6973477572757c623a303b),
	('faam4c4alnrettp2r7uo6baklqojcgmk', '127.0.0.1', 1635490522, _binary 0x5f5f63695f6c6173745f726567656e65726174657c693a313633353439303532323b7569647c733a313a2232223b757365726e616d657c733a31383a22303037323334353237343637313238313732223b656d61696c7c4e3b6e616d617c733a33323a22426f6e6176656e747572612044696d6173205061736b61205072616468616e61223b6964757365727c733a313a2232223b726f6c657c733a323a223939223b726f6c656e616d657c733a31333a2241646d696e6973747261746f72223b7374617475737c733a313a2230223b69734c6f67676f6e7c623a313b697341646d696e7c623a313b6973477572757c623a303b),
	('141tsfjq5cheke5i84ec5p2v2re0usjt', '127.0.0.1', 1635490523, _binary 0x5f5f63695f6c6173745f726567656e65726174657c693a313633353439303532323b7569647c733a313a2232223b757365726e616d657c733a31383a22303037323334353237343637313238313732223b656d61696c7c4e3b6e616d617c733a33323a22426f6e6176656e747572612044696d6173205061736b61205072616468616e61223b6964757365727c733a313a2232223b726f6c657c733a323a223939223b726f6c656e616d657c733a31333a2241646d696e6973747261746f72223b7374617475737c733a313a2230223b69734c6f67676f6e7c623a313b697341646d696e7c623a313b6973477572757c623a303b),
	('famodpao91g5nbmpj0ror0nhpik9s1ur', '127.0.0.1', 1635550051, _binary 0x5f5f63695f6c6173745f726567656e65726174657c693a313633353535303035313b7569647c733a313a2233223b757365726e616d657c733a31383a22303037323334353237343637313238313738223b656d61696c7c4e3b6e616d617c733a32323a224d65696b656c2052756d696e67616e2c20532e50642e223b6964757365727c733a313a2233223b726f6c657c733a323a223535223b726f6c656e616d657c733a343a2247757275223b7374617475737c733a313a2230223b69734c6f67676f6e7c623a313b697341646d696e7c623a303b6973477572757c623a313b),
	('q2dkof9ikgtrtbvoaggpkg58js8us6og', '127.0.0.1', 1635550415, _binary 0x5f5f63695f6c6173745f726567656e65726174657c693a313633353535303431353b7569647c733a313a2232223b757365726e616d657c733a31383a22303037323334353237343637313238313732223b656d61696c7c4e3b6e616d617c733a33323a22426f6e6176656e747572612044696d6173205061736b61205072616468616e61223b6964757365727c733a313a2232223b726f6c657c733a323a223939223b726f6c656e616d657c733a31333a2241646d696e6973747261746f72223b7374617475737c733a313a2230223b69734c6f67676f6e7c623a313b697341646d696e7c623a313b6973477572757c623a303b),
	('3lltnu7d5k1tung5da0jq2naoieoishj', '127.0.0.1', 1635551356, _binary 0x5f5f63695f6c6173745f726567656e65726174657c693a313633353535313335363b7569647c733a313a2233223b757365726e616d657c733a31383a22303037323334353237343637313238313738223b656d61696c7c4e3b6e616d617c733a32323a224d65696b656c2052756d696e67616e2c20532e50642e223b6964757365727c733a313a2233223b726f6c657c733a323a223535223b726f6c656e616d657c733a343a2247757275223b7374617475737c733a313a2230223b69734c6f67676f6e7c623a313b697341646d696e7c623a303b6973477572757c623a313b),
	('rc2bbd05atkk1jjub33ar88v2kei7smh', '127.0.0.1', 1635551286, _binary 0x5f5f63695f6c6173745f726567656e65726174657c693a313633353535313238363b7569647c733a313a2232223b757365726e616d657c733a31383a22303037323334353237343637313238313732223b656d61696c7c4e3b6e616d617c733a33323a22426f6e6176656e747572612044696d6173205061736b61205072616468616e61223b6964757365727c733a313a2232223b726f6c657c733a323a223939223b726f6c656e616d657c733a31333a2241646d696e6973747261746f72223b7374617475737c733a313a2230223b69734c6f67676f6e7c623a313b697341646d696e7c623a313b6973477572757c623a303b),
	('mcn1v30s357ul7ilgl0iesdkh82ob74j', '127.0.0.1', 1635550639, _binary 0x5f5f63695f6c6173745f726567656e65726174657c693a313633353535303633393b),
	('vogsicmojkfub16n0baks2lceht9ac28', '127.0.0.1', 1635551703, _binary 0x5f5f63695f6c6173745f726567656e65726174657c693a313633353535313730333b7569647c733a313a2232223b757365726e616d657c733a31383a22303037323334353237343637313238313732223b656d61696c7c4e3b6e616d617c733a33323a22426f6e6176656e747572612044696d6173205061736b61205072616468616e61223b6964757365727c733a313a2232223b726f6c657c733a323a223939223b726f6c656e616d657c733a31333a2241646d696e6973747261746f72223b7374617475737c733a313a2230223b69734c6f67676f6e7c623a313b697341646d696e7c623a313b6973477572757c623a303b),
	('tv4tk1l0g8umurs728lum27tn0u3fk5k', '127.0.0.1', 1635555357, _binary 0x5f5f63695f6c6173745f726567656e65726174657c693a313633353535353335373b7569647c733a313a2233223b757365726e616d657c733a31383a22303037323334353237343637313238313738223b656d61696c7c4e3b6e616d617c733a32323a224d65696b656c2052756d696e67616e2c20532e50642e223b6964757365727c733a313a2233223b726f6c657c733a323a223535223b726f6c656e616d657c733a343a2247757275223b7374617475737c733a313a2230223b69734c6f67676f6e7c623a313b697341646d696e7c623a303b6973477572757c623a313b),
	('7j4ani9u7oddn68odl04e7llubodm5t0', '127.0.0.1', 1635552769, _binary 0x5f5f63695f6c6173745f726567656e65726174657c693a313633353535323736393b7569647c733a313a2232223b757365726e616d657c733a31383a22303037323334353237343637313238313732223b656d61696c7c4e3b6e616d617c733a33323a22426f6e6176656e747572612044696d6173205061736b61205072616468616e61223b6964757365727c733a313a2232223b726f6c657c733a323a223939223b726f6c656e616d657c733a31333a2241646d696e6973747261746f72223b7374617475737c733a313a2230223b69734c6f67676f6e7c623a313b697341646d696e7c623a313b6973477572757c623a303b),
	('ih1k12qsriu011qh8a1ous1n00fl4r2l', '127.0.0.1', 1635553165, _binary 0x5f5f63695f6c6173745f726567656e65726174657c693a313633353535333136353b7569647c733a313a2232223b757365726e616d657c733a31383a22303037323334353237343637313238313732223b656d61696c7c4e3b6e616d617c733a33323a22426f6e6176656e747572612044696d6173205061736b61205072616468616e61223b6964757365727c733a313a2232223b726f6c657c733a323a223939223b726f6c656e616d657c733a31333a2241646d696e6973747261746f72223b7374617475737c733a313a2230223b69734c6f67676f6e7c623a313b697341646d696e7c623a313b6973477572757c623a303b),
	('afakpcfa7b0r555va2p2mu52c85otqim', '127.0.0.1', 1635554193, _binary 0x5f5f63695f6c6173745f726567656e65726174657c693a313633353535343139333b7569647c733a313a2232223b757365726e616d657c733a31383a22303037323334353237343637313238313732223b656d61696c7c4e3b6e616d617c733a33323a22426f6e6176656e747572612044696d6173205061736b61205072616468616e61223b6964757365727c733a313a2232223b726f6c657c733a323a223939223b726f6c656e616d657c733a31333a2241646d696e6973747261746f72223b7374617475737c733a313a2230223b69734c6f67676f6e7c623a313b697341646d696e7c623a313b6973477572757c623a303b),
	('l1r5npf2ghrghcv8sgdsun830tpu1c0a', '127.0.0.1', 1635554812, _binary 0x5f5f63695f6c6173745f726567656e65726174657c693a313633353535343831323b7569647c733a313a2232223b757365726e616d657c733a31383a22303037323334353237343637313238313732223b656d61696c7c4e3b6e616d617c733a33323a22426f6e6176656e747572612044696d6173205061736b61205072616468616e61223b6964757365727c733a313a2232223b726f6c657c733a323a223939223b726f6c656e616d657c733a31333a2241646d696e6973747261746f72223b7374617475737c733a313a2230223b69734c6f67676f6e7c623a313b697341646d696e7c623a313b6973477572757c623a303b),
	('oie5gq689p47lela3j225e5sogeotvgp', '127.0.0.1', 1635555136, _binary 0x5f5f63695f6c6173745f726567656e65726174657c693a313633353535353133363b7569647c733a313a2232223b757365726e616d657c733a31383a22303037323334353237343637313238313732223b656d61696c7c4e3b6e616d617c733a33323a22426f6e6176656e747572612044696d6173205061736b61205072616468616e61223b6964757365727c733a313a2232223b726f6c657c733a323a223939223b726f6c656e616d657c733a31333a2241646d696e6973747261746f72223b7374617475737c733a313a2230223b69734c6f67676f6e7c623a313b697341646d696e7c623a313b6973477572757c623a303b),
	('v17aucm19ajlaf0d7bb1ufkbacvg2df8', '127.0.0.1', 1635556812, _binary 0x5f5f63695f6c6173745f726567656e65726174657c693a313633353535363831323b7569647c733a313a2232223b757365726e616d657c733a31383a22303037323334353237343637313238313732223b656d61696c7c4e3b6e616d617c733a33323a22426f6e6176656e747572612044696d6173205061736b61205072616468616e61223b6964757365727c733a313a2232223b726f6c657c733a323a223939223b726f6c656e616d657c733a31333a2241646d696e6973747261746f72223b7374617475737c733a313a2230223b69734c6f67676f6e7c623a313b697341646d696e7c623a313b6973477572757c623a303b),
	('paek1ttt2n4bikf7gk0hd5g5c6gt6lpv', '127.0.0.1', 1635555358, _binary 0x5f5f63695f6c6173745f726567656e65726174657c693a313633353535353335373b7569647c733a313a2233223b757365726e616d657c733a31383a22303037323334353237343637313238313738223b656d61696c7c4e3b6e616d617c733a32323a224d65696b656c2052756d696e67616e2c20532e50642e223b6964757365727c733a313a2233223b726f6c657c733a323a223535223b726f6c656e616d657c733a343a2247757275223b7374617475737c733a313a2230223b69734c6f67676f6e7c623a313b697341646d696e7c623a303b6973477572757c623a313b),
	('p0tkv4m3qq1tvsv0lmlhg8nrt7l0dlt5', '127.0.0.1', 1635556901, _binary 0x5f5f63695f6c6173745f726567656e65726174657c693a313633353535363831323b7569647c733a313a2232223b757365726e616d657c733a31383a22303037323334353237343637313238313732223b656d61696c7c4e3b6e616d617c733a33323a22426f6e6176656e747572612044696d6173205061736b61205072616468616e61223b6964757365727c733a313a2232223b726f6c657c733a323a223939223b726f6c656e616d657c733a31333a2241646d696e6973747261746f72223b7374617475737c733a313a2230223b69734c6f67676f6e7c623a313b697341646d696e7c623a313b6973477572757c623a303b),
	('jflm1kucdng9jpa5vqg718jk0gcqbi74', '127.0.0.1', 1635591636, _binary 0x5f5f63695f6c6173745f726567656e65726174657c693a313633353539313633363b7569647c733a313a2232223b757365726e616d657c733a31383a22303037323334353237343637313238313732223b656d61696c7c4e3b6e616d617c733a33323a22426f6e6176656e747572612044696d6173205061736b61205072616468616e61223b6964757365727c733a313a2232223b726f6c657c733a323a223939223b726f6c656e616d657c733a31333a2241646d696e6973747261746f72223b7374617475737c733a313a2230223b69734c6f67676f6e7c623a313b697341646d696e7c623a313b6973477572757c623a303b),
	('gvfdcklel1ofl8kta4e0oeffe0c6mdi8', '127.0.0.1', 1635592071, _binary 0x5f5f63695f6c6173745f726567656e65726174657c693a313633353539323037313b7569647c733a313a2232223b757365726e616d657c733a31383a22303037323334353237343637313238313732223b656d61696c7c4e3b6e616d617c733a33323a22426f6e6176656e747572612044696d6173205061736b61205072616468616e61223b6964757365727c733a313a2232223b726f6c657c733a323a223939223b726f6c656e616d657c733a31333a2241646d696e6973747261746f72223b7374617475737c733a313a2230223b69734c6f67676f6e7c623a313b697341646d696e7c623a313b6973477572757c623a303b),
	('nkomjr68v9ic6otl4krpjhd2icqgbbs0', '127.0.0.1', 1635592885, _binary 0x5f5f63695f6c6173745f726567656e65726174657c693a313633353539323838353b7569647c733a313a2232223b757365726e616d657c733a31383a22303037323334353237343637313238313732223b656d61696c7c4e3b6e616d617c733a33323a22426f6e6176656e747572612044696d6173205061736b61205072616468616e61223b6964757365727c733a313a2232223b726f6c657c733a323a223939223b726f6c656e616d657c733a31333a2241646d696e6973747261746f72223b7374617475737c733a313a2230223b69734c6f67676f6e7c623a313b697341646d696e7c623a313b6973477572757c623a303b),
	('uq63km9hrfqhnl2hnpivjag74tkjliak', '127.0.0.1', 1635593206, _binary 0x5f5f63695f6c6173745f726567656e65726174657c693a313633353539333230363b7569647c733a313a2232223b757365726e616d657c733a31383a22303037323334353237343637313238313732223b656d61696c7c4e3b6e616d617c733a33323a22426f6e6176656e747572612044696d6173205061736b61205072616468616e61223b6964757365727c733a313a2232223b726f6c657c733a323a223939223b726f6c656e616d657c733a31333a2241646d696e6973747261746f72223b7374617475737c733a313a2230223b69734c6f67676f6e7c623a313b697341646d696e7c623a313b6973477572757c623a303b),
	('ou9692848ufcm7ic133st1442ed3rd9q', '127.0.0.1', 1635593720, _binary 0x5f5f63695f6c6173745f726567656e65726174657c693a313633353539333732303b7569647c733a313a2232223b757365726e616d657c733a31383a22303037323334353237343637313238313732223b656d61696c7c4e3b6e616d617c733a33323a22426f6e6176656e747572612044696d6173205061736b61205072616468616e61223b6964757365727c733a313a2232223b726f6c657c733a323a223939223b726f6c656e616d657c733a31333a2241646d696e6973747261746f72223b7374617475737c733a313a2230223b69734c6f67676f6e7c623a313b697341646d696e7c623a313b6973477572757c623a303b),
	('q7fuuohlr26mtmfdnpbou4dt1e0gmlgv', '127.0.0.1', 1635594123, _binary 0x5f5f63695f6c6173745f726567656e65726174657c693a313633353539343132333b7569647c733a313a2232223b757365726e616d657c733a31383a22303037323334353237343637313238313732223b656d61696c7c4e3b6e616d617c733a33323a22426f6e6176656e747572612044696d6173205061736b61205072616468616e61223b6964757365727c733a313a2232223b726f6c657c733a323a223939223b726f6c656e616d657c733a31333a2241646d696e6973747261746f72223b7374617475737c733a313a2230223b69734c6f67676f6e7c623a313b697341646d696e7c623a313b6973477572757c623a303b),
	('u32696pc3d9qmbdnemt45p42td0pv6vo', '127.0.0.1', 1635594556, _binary 0x5f5f63695f6c6173745f726567656e65726174657c693a313633353539343239373b7569647c733a313a2232223b757365726e616d657c733a31383a22303037323334353237343637313238313732223b656d61696c7c4e3b6e616d617c733a33323a22426f6e6176656e747572612044696d6173205061736b61205072616468616e61223b6964757365727c733a313a2232223b726f6c657c733a323a223939223b726f6c656e616d657c733a31333a2241646d696e6973747261746f72223b7374617475737c733a313a2230223b69734c6f67676f6e7c623a313b697341646d696e7c623a313b6973477572757c623a303b);
/*!40000 ALTER TABLE `session` ENABLE KEYS */;

-- Dumping structure for table langsis.siswa
CREATE TABLE IF NOT EXISTS `siswa` (
  `siswa_id` int(11) unsigned NOT NULL AUTO_INCREMENT,
  `kelas_id` int(11) unsigned NOT NULL DEFAULT '0',
  `siswa_nis` varchar(18) NOT NULL,
  `siswa_nama` varchar(100) NOT NULL,
  `siswa_alamat` text NOT NULL,
  `siswa_gender` varchar(30) DEFAULT NULL,
  `siswa_agama` int(1) NOT NULL,
  `siswa_telepon` varchar(20) DEFAULT NULL,
  `created_at` datetime NOT NULL,
  `updated_at` datetime DEFAULT NULL,
  PRIMARY KEY (`siswa_id`),
  UNIQUE KEY `siswa_nis` (`siswa_nis`),
  KEY `kelas_id` (`kelas_id`),
  CONSTRAINT `FK_siswa_kelas` FOREIGN KEY (`kelas_id`) REFERENCES `kelas` (`kelas_id`) ON DELETE NO ACTION ON UPDATE NO ACTION
) ENGINE=InnoDB AUTO_INCREMENT=7 DEFAULT CHARSET=utf8;

-- Dumping data for table langsis.siswa: ~3 rows (approximately)
DELETE FROM `siswa`;
/*!40000 ALTER TABLE `siswa` DISABLE KEYS */;
INSERT INTO `siswa` (`siswa_id`, `kelas_id`, `siswa_nis`, `siswa_nama`, `siswa_alamat`, `siswa_gender`, `siswa_agama`, `siswa_telepon`, `created_at`, `updated_at`) VALUES
	(1, 3, '1231236', 'Bonaventura Dimas Paska Pradhana', 'Jl. Petro Cina, Unit 1, Aimas, Kabupaten Sorong, Papua Barat', 'Laki-laki', 2, '7837948979', '2021-10-11 04:09:49', '0000-00-00 00:00:00'),
	(3, 4, '00182361234', 'Anita Rahayu', 'Jl. Klamono, Km. 19', 'Perempuan', 1, '', '2021-10-24 00:06:12', '0000-00-00 00:00:00'),
	(4, 5, '09876543456', 'Deflin Yambormias', 'SP 3', 'Laki-laki', 3, '', '2021-10-24 00:23:50', '0000-00-00 00:00:00'),
	(5, 5, '238768378', 'Funk', 'SP 3', 'Laki-laki', 3, '', '2021-10-24 00:23:50', '2022-01-01 01:01:01'),
	(6, 3, '08765678655', 'Fendy Gerard S.', 'Jakarta', 'Laki-laki', 2, '0876544567654', '2021-10-27 14:40:19', NULL);
/*!40000 ALTER TABLE `siswa` ENABLE KEYS */;

-- Dumping structure for table langsis.users
CREATE TABLE IF NOT EXISTS `users` (
  `users_id` int(11) unsigned NOT NULL AUTO_INCREMENT,
  `users_nip` varchar(18) NOT NULL,
  `users_username` varchar(50) NOT NULL,
  `users_password` varchar(255) NOT NULL,
  `users_email` varchar(100) DEFAULT NULL,
  `users_nama` varchar(100) NOT NULL,
  `users_alamat` text,
  `users_gender` varchar(30) DEFAULT NULL,
  `users_agama` int(1) DEFAULT NULL,
  `users_telpon` varchar(20) DEFAULT NULL,
  `users_role` int(2) NOT NULL,
  `users_status` int(11) NOT NULL DEFAULT '0',
  `created_at` datetime NOT NULL,
  `updated_at` datetime NOT NULL,
  `last_login` datetime DEFAULT NULL,
  PRIMARY KEY (`users_id`),
  UNIQUE KEY `users_nip` (`users_nip`),
  UNIQUE KEY `users_password` (`users_password`),
  UNIQUE KEY `users_email` (`users_email`)
) ENGINE=InnoDB AUTO_INCREMENT=6 DEFAULT CHARSET=utf8;

-- Dumping data for table langsis.users: ~4 rows (approximately)
DELETE FROM `users`;
/*!40000 ALTER TABLE `users` DISABLE KEYS */;
INSERT INTO `users` (`users_id`, `users_nip`, `users_username`, `users_password`, `users_email`, `users_nama`, `users_alamat`, `users_gender`, `users_agama`, `users_telpon`, `users_role`, `users_status`, `created_at`, `updated_at`, `last_login`) VALUES
	(2, '007234527467128172', '007234527467128172', 'a0ea43414b125ec6ebd0c53e3c10ca673aead95349472e36aa25c28f615b978e7e374459d47d5703f2576d1ae2c44412e66e62c524ad9a49104b3f73444ac801', NULL, 'Bonaventura Dimas Paska Pradhana', NULL, NULL, NULL, NULL, 99, 0, '2021-10-21 11:25:44', '0000-00-00 00:00:00', '2021-10-30 20:44:57'),
	(3, '007234527467128178', '007234527467128178', '7a26523eb94ab7feb1accf21b84bbee9619ad4a4ba4a991c01199549aa7c8dec0b38a5f45a2171acf302cf67c20738abe0418eddc807e9dae7fab0d306cf3b58', NULL, 'Meikel Rumingan, S.Pd.', NULL, NULL, NULL, NULL, 55, 0, '2021-10-22 10:19:57', '0000-00-00 00:00:00', '2021-10-30 08:28:31'),
	(4, '007234527467128173', '007234527467128173', 'c8d495b8c6f1f5b830f062f878e58389237b38551abd152cfb458330208f1b23456a56656522d4a7680e4469e8c7303dfb9330f752573176652a3d2c84e9e1f9', NULL, 'Lusiana Dianti Sihotang, S.Kom.', NULL, NULL, NULL, NULL, 55, 0, '2021-10-22 10:20:34', '0000-00-00 00:00:00', NULL),
	(5, '007234527467128176', '007234527467128176', '4fa289b2088ee060f62faddd03c827cf277542876143c17907164fd280a00faf08041a0777fe6471b99429aeae780830d89724b30ad6c6fcf4e00a0a98d09873', NULL, 'Novel Adil Dwijaksana, S.Kom.', NULL, NULL, NULL, NULL, 55, 0, '2021-10-22 10:20:53', '0000-00-00 00:00:00', NULL);
/*!40000 ALTER TABLE `users` ENABLE KEYS */;

/*!40101 SET SQL_MODE=IFNULL(@OLD_SQL_MODE, '') */;
/*!40014 SET FOREIGN_KEY_CHECKS=IFNULL(@OLD_FOREIGN_KEY_CHECKS, 1) */;
/*!40101 SET CHARACTER_SET_CLIENT=@OLD_CHARACTER_SET_CLIENT */;
/*!40111 SET SQL_NOTES=IFNULL(@OLD_SQL_NOTES, 1) */;
